url_path,status_code,title,canonical_url,meta_description,source,last_checked_utc,notes
/,200,Nomadic year,http://nomadicyear.com/,Expedition across 4 continents,sitemap,2026-03-24T18:37:13.228Z,
/2015/07/bought-the-car/,200,Bought the Car | Nomadic year,http://nomadicyear.com/2015/07/bought-the-car/,First step to driving around the world: check! Got ourselves a 2000 Land Cruiser.,sitemap,2026-03-24T18:37:13.228Z,
/2015/07/custom-storage-built/,200,Custom Storage Built | Nomadic year,http://nomadicyear.com/2015/07/custom-storage-built/,"Organization. It is the answer to some many of life&#039;s problems. Decided to hack together a storage system for the the trip. Mainly for ease of fridge access. Obligatory CAD design. The colorful boxes are: table (white), stove (gray) and fridge (blue). Don&#039;t critique me on accurate representation, ANYTHING can be approximate as a rectangle if you",sitemap,2026-03-24T18:37:13.228Z,
/2015/07/dual-battery-install/,200,Dual Battery Install | Nomadic year,http://nomadicyear.com/2015/07/dual-battery-install/,"Everyone starts with the dual battery, so why be original? Read everything I could find about this on the internet. Bought everything I though I would need, rolled up my sleeves and went to work. If you want to work on your truck this is easy to do. All you need is a drill, screwdrivers",sitemap,2026-03-24T18:37:13.228Z,
/2015/07/suspension-front-bumper-maintenance-etc/,200,"Suspension, front bumper, maintenance, etc. | Nomadic year",http://nomadicyear.com/2015/07/suspension-front-bumper-maintenance-etc/,This is was one of the biggest rounds of updates on the land cruiser. We installed a new suspension kit that gave the truck a 2.5&quot; lift and heavy duty springs for all the weight we are going to put on it. Hyein came out to help out with the installation and got her hands,sitemap,2026-03-24T18:37:13.228Z,
/2015/09/rv-review-by-luke-capasso/,200,RV review by Luke Capasso | Nomadic year,http://nomadicyear.com/2015/09/rv-review-by-luke-capasso/,"Another example of &quot;law of attraction&quot;, or whatever is that you guys call it. Cant go to reddit or facebook without seeing people trying to copy us! Here is Luke, who sold &quot;everything&quot; he has and bought himself an RV. Sounds familiar, right? Where did you get the idea, dickhead? huh, huh, huh....? Anyway,",sitemap,2026-03-24T18:37:13.228Z,
/2015/10/when-do-you-guys-leave/,200,When do you guys leave? | Nomadic year,http://nomadicyear.com/2015/10/when-do-you-guys-leave/,"We got this question a lot in the last couple of weeks. Holding a going away party and then not leaving for a month makes people wonder. As of tomorrow we dont have to answer that question anymore, hopefully. You know why? You guessed it, we are FINALLY ready to head out. Today, we are",sitemap,2026-03-24T18:37:13.228Z,
/2015/11/cough-emala-a-k-a-guatemala/,200,Cough-emala a.k.a. Guatemala | Nomadic year,http://nomadicyear.com/2015/11/cough-emala-a-k-a-guatemala/,"Who is ready for another update? I am, I am! I know that you weren&#039;t expecting it, but we are still alive and trucking along central america. I bring to you Guatemala - land of volcanoes, mountains, lakes....and a lot of pollution. But more about that later on. Our second border crossing! Unlike the US-Mexico",sitemap,2026-03-24T18:37:13.228Z,
/2015/11/food-and-the-city-mexican-style/,200,Food and the city (Mexican style) | Nomadic year,http://nomadicyear.com/2015/11/food-and-the-city-mexican-style/,"I&#039;m beginning to realize how good we have it back home. 400 miles in a day doesn&#039;t seem like a marathon that leaves you unable to move or think. But here...it is exactly that. We made it to Mexico city on a Friday night, right around rush hour. For anyone who needs to strengthen their",sitemap,2026-03-24T18:37:13.228Z,
/2015/11/mainland-mexico/,200,Escape from Sinaloa | Nomadic year,http://nomadicyear.com/2015/11/mainland-mexico/,"This will be the first time that either Hyein or I set foot on mainland Mexico. This is also our first ferry crossing of roughly 4 or 5 that we are planning, so this will set the bar for ease and comfort. Since we did all the immigration paperwork in Tijuana, the whole procedure",sitemap,2026-03-24T18:37:13.228Z,
/2015/11/the-couple-that-poops-together-stays-together/,200,"The couple that poops together, stays together | Nomadic year",http://nomadicyear.com/2015/11/the-couple-that-poops-together-stays-together/,"Leaving San Diego on Monday morning I tried to imagine what we will experience on this trip. I couldn&#039;t come up with anything specific, just knew that we will have: 1) fun and 2) troubles and 3) even more fun when the troubles are done. That is all I could muster up at the moment. Did",sitemap,2026-03-24T18:37:13.228Z,
/2015/11/water-activities/,200,Maybe it’s time to take our clothes off? | Nomadic year,http://nomadicyear.com/2015/11/water-activities/,"Leaving Oaxaca with it&#039;s delicious food and grasshoppers, we continued our drive South. The landscape changes here, there are more mountains and less roads. So a 120 mile drive took 5 hours and Hyein slept for 4 of those hours. Anyway, i digress. We stopped for the night in a Balneario, a natural swimming pool where",sitemap,2026-03-24T18:37:13.228Z,
/2015/12/566/,200,Honduras – Murdered with kindness | Nomadic year,http://nomadicyear.com/2015/12/566/,"We are in Honduras. But before we get on with Honduras ... can we just talk about Guatemala again? Okay, its my blog, I do what I want. As evidence by Hyein&#039;s legs, Guatemala did not let us go easy. Our last night we camped at Quirigua Archeologica Site. These mayan ruins are located",sitemap,2026-03-24T18:37:13.228Z,
/2015/12/how-i-met-your-monkey-nicaragua-costa-rica/,200,"How I Met Your Monkey! – Nicaragua, Costa Rica | Nomadic year",http://nomadicyear.com/2015/12/how-i-met-your-monkey-nicaragua-costa-rica/,"Nicaragua Where should we start for this post? Hm, i think the welcome sign to Nicaragua is a good start. Although, when we were there we felt anything BUT welcome. So after spending an hour in a line to get our exit stamp from Honduras, we were happy to get to the Nicaraguan side of",sitemap,2026-03-24T18:37:13.228Z,
/2016/01/bienvenidos-a-south-america-colombia/,200,Bienvenidos a South America – Colombia | Nomadic year,http://nomadicyear.com/2016/01/bienvenidos-a-south-america-colombia/,"Cartagena Where did we leave off last time? Can&#039;t even remember myself... Oh yeah, on the death defying crossing of the Darien Gap. The internet situation has been getting progressively worse as we venture further South. From our landing in Colombia, we needed to make it to Cartagena, where our cars were patiently waiting for",sitemap,2026-03-24T18:37:13.228Z,
/2016/01/cuban-experience-crossing-the-darien-gap/,200,Cuban Experience – Crossing the Darien Gap | Nomadic year,http://nomadicyear.com/2016/01/cuban-experience-crossing-the-darien-gap/,"What i&#039;m about to tell you is the truth, the whole truth and nothing but the truth. No extravagant exaggerations, no wild hyperbole. This is real. As you know we have been matched with a shipping partner that will share a container with us. But we were unable to meet until the night before",sitemap,2026-03-24T18:37:13.228Z,
/2016/01/gate-to-south-america-panama/,200,Gate to South America – Panama | Nomadic year,http://nomadicyear.com/2016/01/gate-to-south-america-panama/,"Panama...Panama? There only two things I know about Panama: 1) There is the Panama Canal and more importantly 2) it is the end of the road. No, literally, the famous Pan American Highway that goes for thousands of miles from Alaska to Argentina...it breaks here for about 50 miles. This is the famous Darien Gap.",sitemap,2026-03-24T18:37:13.228Z,
/2016/01/lima-peru/,200,Lima – Peru | Nomadic year,http://nomadicyear.com/2016/01/lima-peru/,"After getting down from the mountains in the North of Peru, it was a fast drive down to Lima. It felt so strange to go in a straight line and above 40 mph. Not even strange, more scary than anything. The road was so smooth and the ride so quite, it felt like you were",sitemap,2026-03-24T18:37:13.228Z,
/2016/01/new-year-new-hemisphere-ecuador/,200,"New Year, New Hemisphere – Ecuador | Nomadic year",http://nomadicyear.com/2016/01/new-year-new-hemisphere-ecuador/,"I started with a picture on purpose...look at these gas prices!!! Thats US dollars btw. I know, i know its almost the same in the states. But when we were leaving it was at $3.50/gal in San Diego. Since no one wants to fill up with the &quot;expensive&quot; Colombian gas, there are lines at the",sitemap,2026-03-24T18:37:13.228Z,
/2016/01/peru-northern-sierra/,200,Peru – Northern Sierra | Nomadic year,http://nomadicyear.com/2016/01/peru-northern-sierra/,"Peru - whenever you hear it, you think of people in native clothes, llamas, Machu Picchu and mountains. Among my friends, it is the most popular South American destination. People are drawn to the allure of this place and I as usual have no idea what to expect from this place, except for Machu Picchu.",sitemap,2026-03-24T18:37:13.228Z,
/2016/02/cuzco-peru/,200,Cuzco – Peru | Nomadic year,http://nomadicyear.com/2016/02/cuzco-peru/,"After the Nazca Lines flight, we decided to start driving towards Cuzco right away. Maybe it wasn&#039;t the best decision we ever made. No nothing bad happened, but driving on a mountain road after that vomit inducing flight...well, it didn&#039;t help. And since i had to drive i couldn&#039;t take Dramamine (it makes you extremely",sitemap,2026-03-24T18:37:13.228Z,
/2016/02/eduardo-avaroa-offroading-bolivia/,200,Eduardo Avaroa Offroading – Bolivia | Nomadic year,http://nomadicyear.com/2016/02/eduardo-avaroa-offroading-bolivia/,"Spurred on by the success and freedom of Salar de Uyuni we decided to travel the Southwest Circuit of Bolivia. At first i tried to convince Hyungim and Imo to come along with us, since I was afraid to go this way by myself. Why? The Southwest circuit is an offroading route through the high",sitemap,2026-03-24T18:37:13.228Z,
/2016/02/machu-picchu-peru/,200,Machu Picchu – Peru | Nomadic year,http://nomadicyear.com/2016/02/machu-picchu-peru/,"I give you Machu Picchu, look below! Really something isn&#039;t it? Okay, some of you have actually been here and will spot a fake in a second. These are some ruins in a town of Ollantaytambo. Most tourists go to Machu Picchu, located next to town of Aguas Calientes, by either bus or a train.",sitemap,2026-03-24T18:37:13.228Z,
/2016/02/nazca-lines-peru/,200,Nazca Lines – Peru | Nomadic year,http://nomadicyear.com/2016/02/nazca-lines-peru/,"Just a single day ride away from Lima is the infamous Nazca. I mean the city itself is nothing to write home about, so i wont. We are here only for the Nazca lines! Thats, not a photo of the lines...its us. I wanted to included it, just in case you forgot what we look",sitemap,2026-03-24T18:37:13.228Z,
/2016/02/salar-de-uyuni-bolivia/,200,Salar de Uyuni – Bolivia | Nomadic year,http://nomadicyear.com/2016/02/salar-de-uyuni-bolivia/,"Preparation. You probably think that we have this whole thing planned out, right? Would you believe it that our preparation is only a few days ahead of our actual arrival time? As we found out, it is impractical to plan for more than a few days in advance. There are so many factors in play",sitemap,2026-03-24T18:37:13.228Z,
/2016/03/carretera-australchile/,200,Carretera Austral – Chile | Nomadic year,http://nomadicyear.com/2016/03/carretera-australchile/,"Carretera Austral, or the Southern Highway, runs through the deep Chilean Patagonia. We heard that the views are beautiful, the people are few and it was a must see if you can afford the time. Well, time we have…but sometimes it feels like we are always in a rush, always doing something. Anyway, the actual",sitemap,2026-03-24T18:37:13.228Z,
/2016/03/chilefornia/,200,Chilefornia | Nomadic year,http://nomadicyear.com/2016/03/chilefornia/,"I’m sure you have all looked at the world map at least once in your life and there was one country that really stood out in your mind. No…i’m not talking about mother Russia, no, i’m talking about the silly, skinny Chile. Everyone who looks at the map of South America notices just how long",sitemap,2026-03-24T18:37:13.228Z,
/2016/03/penguins/,200,Penguins at Punta Tombo – Argentina | Nomadic year,http://nomadicyear.com/2016/03/penguins/,"I&#039;ve personally started sharing more of the photos of the trip on Instagram and I realize that we don&#039;t really give Hodori the attention he deserves. He has been our home, our place of refuge and emotional security. Silly customs officers aside, Hodori allows the complete freedom of travel, which in itself brings a great",sitemap,2026-03-24T18:37:13.228Z,
/2016/03/perito-moreno-glacier-argentina/,200,Perito Moreno Glacier – Argentina | Nomadic year,http://nomadicyear.com/2016/03/perito-moreno-glacier-argentina/,"Spent the first night in Argentina camped in front of a police station. The wind in Patagonia was so strong that we had to find some cover, otherwise the tent would blow away. At this part of Patagonia the land is absolutely flat, without any trees and nothing to stop the ferocious winds coming from",sitemap,2026-03-24T18:37:13.228Z,
/2016/03/torres-del-paine-chile/,200,Torres del Paine – Chile | Nomadic year,http://nomadicyear.com/2016/03/torres-del-paine-chile/,"If you have had it with the pretty mountain pictures on this blog, well i can’t help you. This is going to be all about mountains and a bit about us. Maybe a bit about Chile and Argentina? The national park Torres del Paine, pride of all Chile, can only be reached on land by",sitemap,2026-03-24T18:37:13.228Z,
/2016/03/ushuaia-end-of-the-world/,200,Ushuaia – End of the World | Nomadic year,http://nomadicyear.com/2016/03/ushuaia-end-of-the-world/,"Before we get all emotional about reaching the southern most point on our journey. Lets look at the name of this symbolic town more closely – “Ushuaia”. I had to look at the photo below just to make sure I didn’t make a spelling mistake. It has more vowels than a word should, its like",sitemap,2026-03-24T18:37:13.228Z,
/2016/04/brazil-last-stop-in-south-america/,200,Brazil – Last Stop in South America | Nomadic year,http://nomadicyear.com/2016/04/brazil-last-stop-in-south-america/,"The day before we learned of a taxi strike in Montevideo and decided not to risk it and got an uber. Our driver was great, spoke pretty good English and made jokes all the way to the airport. He was on the heavier side and when we saw some joggers on the street, he exclaimed",sitemap,2026-03-24T18:37:13.228Z,
/2016/04/buenos-aires-argentina/,200,Buenos Aires – Argentina | Nomadic year,http://nomadicyear.com/2016/04/buenos-aires-argentina/,"Argentina is not bad, and if you got an impression that I dont like it, well its only partially true. The distances between points of interest are really long, with a whole lot of nothing in the middle. Its been a few days of driving and we are FINALLY approaching Buenos Aires. The surroundings slowly",sitemap,2026-03-24T18:37:13.228Z,
/2016/04/expense-report-central-and-south-america/,200,Expense Report – Central and South America | Nomadic year,http://nomadicyear.com/2016/04/expense-report-central-and-south-america/,"I know that everyone wants to know, how we are able to afford this trip and how much it costs. When planning for the world tour, i needed this information for myself. So before we left we decided to record our spending. We tracked every single purchase that we made on our trip through Central",sitemap,2026-03-24T18:37:13.228Z,
/2016/04/iguazu-falls-argentina/,200,Iguazu falls -Argentina | Nomadic year,http://nomadicyear.com/2016/04/iguazu-falls-argentina/,Waterfalls or as we like to call them vertical rivers are everybodys favorite thing to watch. Maybe its becuase your parents always told you to turn off the water when brushing your teeth or not to take too long in the shower. If thats the reason then you can work out all your childhood trauma,sitemap,2026-03-24T18:37:13.228Z,
/2016/04/relaxing-in-uruguay/,200,Uruguay – Car Shipping | Nomadic year,http://nomadicyear.com/2016/04/relaxing-in-uruguay/,"Driving back from Iguazu falls was just as painful as driving up there, except now we are going to Uruguay and not Buenos Aires. Uruguay wasn&#039;t even on the list of countries that we initially thought of visiting. Even when making flags and names in Peru we didn&#039;t think twice about Uruguay and skipped it. So",sitemap,2026-03-24T18:37:13.228Z,
/2016/05/chiang-mai-how-to-elephant-in-thailand/,200,Chiang Mai – How to Elephant in Thailand | Nomadic year,http://nomadicyear.com/2016/05/chiang-mai-how-to-elephant-in-thailand/,"Since Chiang Mai is in the North of Thailand, right by Myanmar and Laos, we naively thought that the weather situation would improve and we would get a bit of a break from the heat. We were wrong yet again. It&#039;s even hotter than Bangkok...wait is that even possible or do the tires just melt",sitemap,2026-03-24T18:37:13.228Z,
/2016/05/koh-samui-how-to-island-hop-in-thailand/,200,Koh Samui – How to Island Hop in Thailand | Nomadic year,http://nomadicyear.com/2016/05/koh-samui-how-to-island-hop-in-thailand/,"We got lucky and arrived in Thailand during the University&#039;s spring break. So Suin and her friends had already plan a little trip south to visit Koh Samui and of course try some delicious southern Thai food. My first reaction was to take a bus, then i was reminded of the prices in Thailand and",sitemap,2026-03-24T18:37:13.228Z,
/2016/05/korea-full-of-love/,200,Korea – Full of Love | Nomadic year,http://nomadicyear.com/2016/05/korea-full-of-love/,"To us Korea is not just a travel destination, but also our home. We have been dreaming of meeting up with family, friends and eating all that delicious Korean food. Our plan is to stay in Korea for 6 weeks, the longest of any country. Spend some time with Hyein&#039;s parents to make sure they",sitemap,2026-03-24T18:37:13.228Z,
/2016/05/singapore-reverse-culture-shock/,200,Singapore – Reverse Culture Shock | Nomadic year,http://nomadicyear.com/2016/05/singapore-reverse-culture-shock/,"While shopping for tickets to Thailand in Argentina, we looked at the usual sources like Expedia and Google&#039;s ITA Matrix. And just to be thorough decided to check out Singapore Airlines, we have a bit of history and loyalty with them. The first time i flew to Seoul to visit Hyein, was a spur of the",sitemap,2026-03-24T18:37:13.228Z,
/2016/05/thailand-bangkok-insiders-guide/,200,Thailand – Bangkok Insider’s Guide | Nomadic year,http://nomadicyear.com/2016/05/thailand-bangkok-insiders-guide/,"And we are back to a &quot;developing&quot; county. I heard somewhere that there are really no more &quot;3rd world&quot; countries left in the world. And the better way of describing a country is either as &quot;developed&quot; or &quot;developing&quot;. For example, Singapore is definitely developed and New York has been down graded to &quot;developing&quot;. We will",sitemap,2026-03-24T18:37:13.228Z,
/2016/05/thailand-outsiders-guide-to-songkran/,200,Thailand – Outsider’s Guide to Songkran | Nomadic year,http://nomadicyear.com/2016/05/thailand-outsiders-guide-to-songkran/,"Man, are we behind on our posts or what? I&#039;m sorry if the quality of the posts has gone down...actually i&#039;m not. First of all, not much to go down from and second, we have been too busy having way too much fun in Seoul. Okay, so we left off on the last post looking",sitemap,2026-03-24T18:37:13.228Z,
/2016/06/korea-camping-done-right/,200,Korea – Camping Done Right | Nomadic year,http://nomadicyear.com/2016/06/korea-camping-done-right/,"In the previous post i mentioned about the Korean overlanding site and that Hyein posted on there that we are doing some trips in Korea. Well the response was outstanding, people were very nice and welcoming, even more so the big-wigs that run that community decided to organize a weekend camping and invite us. Btw,",sitemap,2026-03-24T18:37:13.228Z,
/2016/06/korea-car-shipping-guide/,200,Korea – Car Shipping Guide | Nomadic year,http://nomadicyear.com/2016/06/korea-car-shipping-guide/,"Download the PDF version - Busan Car Shipping.pdf 1 Overview There are many ports in South Korea to which you can ship your vehicle in a container. However, as far as we know only Busan has the necessary Customs office to process the import of your vehicle. The port in Busan is separated into two components -",sitemap,2026-03-24T18:37:13.228Z,
/2016/06/korea-overlanding-in-your-own-backyard/,200,Korea – Overlanding in your own backyard | Nomadic year,http://nomadicyear.com/2016/06/korea-overlanding-in-your-own-backyard/,"This is going to be a long post...we could have broken it up in two, too late now. Last time Hyein visited her parents in September right before we left for this whole drive around the world thing. She came over to Seoul unannounced to her parents as a birthday surprise for her Dad&#039;s 60th",sitemap,2026-03-24T18:37:13.228Z,
/2016/06/russia-overlanding-overraining/,200,"Russia – OverLanding, OverRaining | Nomadic year",http://nomadicyear.com/2016/06/russia-overlanding-overraining/,"I might have hurried up saying our goodbyes in the previous post. I forgot that we still have to go from Seoul to Donghae, where we will be taking a ferry to Russia. The ferry was schedule before we even got the car in Busan, so that was all ready to go. But we have",sitemap,2026-03-24T18:37:13.228Z,
/2016/06/the-warm-siberian-welcome-russia/,200,Russia – The Warm Siberian Welcome | Nomadic year,http://nomadicyear.com/2016/06/the-warm-siberian-welcome-russia/,Knowing the language completely changes the dynamic of your travel. During the first part of our journey we purposefully tried to be isolated by not buying any SIM cards. In the beginning our poor understanding of Spanish further isolated us from freely hanging out and meeting the locals. But now we are in Russia…the Motherland…and,sitemap,2026-03-24T18:37:13.228Z,
/2016/07/mongolia-bayankhongor-real-mongolia-experience/,200,Mongolia – Bayankhongor – Real Mongolia Experience | Nomadic year,http://nomadicyear.com/2016/07/mongolia-bayankhongor-real-mongolia-experience/,"The excitement of asphalt didn&#039;t last too long. Soon on a dry, smooth and, most importantly, quite pavement we discovered that our front suspension is making an awful amount of noise. When you are offroading everything in the car is rattling, shifting and showing its general disapproval of the bumpy ride. Now add to that",sitemap,2026-03-24T18:37:13.228Z,
/2016/07/mongolia-gobi-yourself/,200,Mongolia – Gobi Yourself | Nomadic year,http://nomadicyear.com/2016/07/mongolia-gobi-yourself/,"Sitting around in the hostel, we tried to figure out what else to do in Mongolia. It&#039;s not like there is a shortage of things to be done, just we never really prepared. We looked around other people&#039;s blogs and found some GPS tracks for Gobi. Perfect, i guess we are going to Gobi Dessert.",sitemap,2026-03-24T18:37:13.228Z,
/2016/07/mongolia-never-bores-you/,200,Mongolia – Never Bores You | Nomadic year,http://nomadicyear.com/2016/07/mongolia-never-bores-you/,"The route that we are following is called the &quot;Southern Route&quot;. I&#039;ve heard all kinds of stories about it, from boring with a good road to dusty, truck infested hellhole. After our Gobi to Bayankhongor trailblazing, i thought to myself: &quot;finally, some nice pavement, a good audiobook and coffee sipping time while driving&quot;. Nope, nope",sitemap,2026-03-24T18:37:13.228Z,
/2016/07/mongolia-orkhon-valley/,200,Mongolia – Orkhon valley | Nomadic year,http://nomadicyear.com/2016/07/mongolia-orkhon-valley/,"Similarly named to an island we just spent destroying our sense of what is the right way to drive a car and mostly our livers for a week, if you haven&#039;t read the Olkhon Island adventures with Korandovod...please do so now. It&#039;s really for your entertainment...not mine. About a day drive from the city...its too",sitemap,2026-03-24T18:37:13.228Z,
/2016/07/mongolia-overlanding-overview/,200,Mongolia – Overlanding Overview | Nomadic year,http://nomadicyear.com/2016/07/mongolia-overlanding-overview/,"This is it - this is what you have all been waiting for. Our 20th country! Mongolia, the land of dreams, no roads, steppes and sheep... a lot of sheep. This is just the overview of the things we did in Mongolia in the past couple of weeks. More detailed posts coming up. 1) For",sitemap,2026-03-24T18:37:13.228Z,
/2016/07/mongolia-ulaanbaatar/,200,Mongolia – Ulaanbaatar | Nomadic year,http://nomadicyear.com/2016/07/mongolia-ulaanbaatar/,"For some reason, I felt nervous. Even though this is our 20th country...and that probably means at least 19 border crossings, so there is nothing to be afraid, right? Maybe its genetic imprinting, from the time i was a little boy I&#039;ve thought of borders as a horrendous experience and have been pleasantly surprised by",sitemap,2026-03-24T18:37:13.228Z,
/2016/07/russia-good-bye-for-now/,200,Russia – Good-bye For Now | Nomadic year,http://nomadicyear.com/2016/07/russia-good-bye-for-now/,"On the road the adventure never stops. The plan was to find a hostel, some wi-fi and shower...yes in that order. You guys back home probably don&#039;t realize the full extent to which our lives have been linked to internet. Although it is absolutely awesome to disconnect from the world for a few days, after",sitemap,2026-03-24T18:37:13.228Z,
/2016/07/russia-the-baikal-olympics-2016-episode-1/,200,Russia – The Baikal Olympics 2016 – Episode 1 | Nomadic year,http://nomadicyear.com/2016/07/russia-the-baikal-olympics-2016-episode-1/,"I guess you might be tired of hearing about how awesome we are and how much fun we are having during this trip. So this story is a bit different, we will look at how awesome the Russian people are and how much fun we are having with them. No…this is not biased in any",sitemap,2026-03-24T18:37:13.228Z,
/2016/07/russia-the-baikal-olympics-2016-episode-2/,200,Russia – The Baikal Olympics 2016 – Episode 2 | Nomadic year,http://nomadicyear.com/2016/07/russia-the-baikal-olympics-2016-episode-2/,"Day 4 Lets stop talking about how hard it is to wake up in the morning and focus on the beautiful things in life. Kids. At this event there is a lot them, everyone who had a child and could bring them along did so. The funny thing about kids at camps is that just",sitemap,2026-03-24T18:37:13.228Z,
/2016/07/russia-the-baikal-olympics-2016-video/,200,Russia – The Baikal Olympics 2016 – Video | Nomadic year,http://nomadicyear.com/2016/07/russia-the-baikal-olympics-2016-video/,We tried to describe with our words what happened in the past week and it feels like there needs to be a video as well.,sitemap,2026-03-24T18:37:13.228Z,
/2016/08/kazakhstan-welcome-to-borat-country/,200,Kazakhstan – Welcome to Borat Country | Nomadic year,http://nomadicyear.com/2016/08/kazakhstan-welcome-to-borat-country/,"Lets get this out of the way, yes we are going to the &quot;Borat&quot; country. Sadly, but that is how most Westerners perceive Kazakhstan. Even before visiting the country, i&#039;ve always consider the movie more of a parody than an actual documentary. I personally believe it poked just as much fun, if not more, at",sitemap,2026-03-24T18:37:13.228Z,
/2016/08/kazakhstan-window-to-the-galaxy/,200,Kazakhstan – Window to the Galaxy | Nomadic year,http://nomadicyear.com/2016/08/kazakhstan-window-to-the-galaxy/,"Could it be that we felt Almaty was so cozy because of our host? We stayed at a Korean guesthouse, where the owner resembled your grandfather? Maybe... He was very kind to us and somehow through the Korean grapevine has heard about us since we left Korea...and knew that one day we will show up",sitemap,2026-03-24T18:37:13.228Z,
/2016/08/kyrgyzstan-altyn-arashan/,200,Kyrgyzstan – Altyn Arashan | Nomadic year,http://nomadicyear.com/2016/08/kyrgyzstan-altyn-arashan/,"Even if you have been following the Rio Olympic games like a hawk, then you still wouldn&#039;t have had a chance to spot this flag. As the post name suggests, we are in Kyrgyzstan. A few things you might want to instantly figure out, like where in the world is this place and how do",sitemap,2026-03-24T18:37:13.228Z,
/2016/08/kyrgyzstan-issykul-lake/,200,Kyrgyzstan – Issykul Lake | Nomadic year,http://nomadicyear.com/2016/08/kyrgyzstan-issykul-lake/,"You find yourself here again...and reading about Kyrgyzstan. A few things are running through your mind: is Ivan running out of material to talk about? And is there nothing better to read on the internet? I&#039;ll answer both of those questions: no...i&#039;m not running out of material, to my and probably your surprise there is",sitemap,2026-03-24T18:37:13.228Z,
/2016/08/russia-back-to-the-motherland/,200,Russia – Back to the Motherland | Nomadic year,http://nomadicyear.com/2016/08/russia-back-to-the-motherland/,"And boom just like that we are back in the Motherland although the landscape hasn&#039;t changed much from Mongolia, the towns already look a little bit more organized and well supplied. After finding a place to park our Hodori for the night, we rushed to the store to get some fresh veggies. At the border",sitemap,2026-03-24T18:37:13.228Z,
/2016/09/kazakhstan-astana-party-time/,200,"Kazakhstan – Astana, Unexpected Gem of the Steppe | Nomadic year",http://nomadicyear.com/2016/09/kazakhstan-astana-party-time/,"The last post felt like a final point, it even included a summary for Kyrgyzstan. Chronologically speaking, we still had to get from Pamir back to Osh, then Bishkek and then onto Kazakhstan. Although there are not a lot of new pretty pictures for you guys, we did have a little adventure. The trip to",sitemap,2026-03-24T18:37:13.228Z,
/2016/09/kyrgyzstan-pamir-the-roof-of-the-world/,200,"Kyrgyzstan – Pamir, the Roof of the World | Nomadic year",http://nomadicyear.com/2016/09/kyrgyzstan-pamir-the-roof-of-the-world/,"Landcruiser mended up to the standards of Central Asia, we set off towards the town of Osh. Knowing that we wouldn&#039;t make it there in one day, we took our sweet time getting ready in the morning...checking wifi, drinking coffee, blogging and being lazy around the hostel. The warm August air of Bishkek puts you",sitemap,2026-03-24T18:37:13.228Z,
/2016/09/russia-miass/,200,Russia – Miass | Nomadic year,http://nomadicyear.com/2016/09/russia-miass/,"We learned a trick to passing the border with minimal hassle. During a usual border process the passengers go through the immigration and then wait in a separate area while the customs officials inspect the car. This is what we do now, Hyein just follows me back to the car and sticks around. The officers",sitemap,2026-03-24T18:37:13.228Z,
/2016/10/russia-moscow-family-and-friends/,200,Russia – Moscow – Family and Friends | Nomadic year,http://nomadicyear.com/2016/10/russia-moscow-family-and-friends/,"Finally, we are here - Moscow. Actually its my great-grandma&#039;s summer home just outside the city...but after coming this far...this is Moscow to us. All my cousins decided to surprise us by showing up at the house and welcoming the world wanderers with a great company. Quickly lets go through my family from left",sitemap,2026-03-24T18:37:13.228Z,
/2016/10/russia-nizhniy-novgorod-vladimir-and-kazan-trip-with-grandma/,200,"Russia – Nizhniy Novgorod, Vladimir and Kazan (trip with Grandma) | Nomadic year",http://nomadicyear.com/2016/10/russia-nizhniy-novgorod-vladimir-and-kazan-trip-with-grandma/,"I might have overdone it with the driving in a single day from Miass to Kazan. The distance wise it is about 470-500 miles, basically something that i do once in a while when driving to see my parents in San Jose. Back in California this drive usually takes me 7 hours 30 minutes",sitemap,2026-03-24T18:37:13.228Z,
/2016/11/korea-a-turn-for-the-unexpected/,200,Korea – A Turn For The Unexpected | Nomadic year,http://nomadicyear.com/2016/11/korea-a-turn-for-the-unexpected/,"We thought that we spent enough time in Moscow, come on guys it was almost 6 weeks there. If the weather was nicer maybe our stay would have been much more pleasant, but the fall in Moscow is short, summer can turn into winter in a matter of days. Of course the Russians don&#039;t",sitemap,2026-03-24T18:37:13.228Z,
/2016/11/russia-moscow-winter-is-coming/,200,Russia – Moscow – Winter Is Coming | Nomadic year,http://nomadicyear.com/2016/11/russia-moscow-winter-is-coming/,"Our stay in Moscow is getting unexpectedly longer and longer, there are reasons for it, but I am not at liberty to discusses them at the moment. Lets just say that some interesting things are up ahead and those of you who know us already will not be surprised by the announcement. Man, really",sitemap,2026-03-24T18:37:13.228Z,
/2016/12/china-the-great-wall/,200,China – The Great Wall | Nomadic year,http://nomadicyear.com/2016/12/china-the-great-wall/,"Here is the main difference between backpacking and overlanding, schedule. With the car we pretty much had complete freedom of movement, WE decided how long we wanted to stay in each place and what time we should leave. None of the waking up at the crack of dawn just to make it to the",sitemap,2026-03-24T18:37:13.228Z,
/2017/01/india-stuck-in-mumbai-with-no-money/,200,India – Stuck in Mumbai with no money | Nomadic year,http://nomadicyear.com/2017/01/india-stuck-in-mumbai-with-no-money/,"Mumbai (aka Bombay), India (GPS: 18.936134, 72.837918) The &quot;Superpowers of the Future&quot;, back in the 90&#039;s it seemed that both China and India will come out swinging in a global economy and take over the world. You couldn&#039;t helped to notice it in the news when the Chinese economy surpassed the US (in total,",sitemap,2026-03-24T18:37:13.228Z,
/2017/01/india-udaipur-when-the-river-lights-up/,200,"India – Udaipur, When the River Lights Up | Nomadic year",http://nomadicyear.com/2017/01/india-udaipur-when-the-river-lights-up/,"Chai masala! Chai masala! This must be at least the 3rd time this morning that i heard someone selling tea in the subway car. Either the Indian folks have no manners, get up really early or i am not entirely sure what time it is. In the now-infamous Darien Gap crossing we discovered the",sitemap,2026-03-24T18:37:13.228Z,
/2017/02/india-jaisalmer-the-golden-city-of-rajasthan-and-camels/,200,India – Jaisalmer – The Golden City of Rajasthan and Camels | Nomadic year,http://nomadicyear.com/2017/02/india-jaisalmer-the-golden-city-of-rajasthan-and-camels/,"Just close your eyes, put the hoodie on your head, take the blue pill and imagine that you are in a 5 star hotel. It seemed like the only choice, sure we could have complained of our misfortunate, but in reality that rarely gets you anything. Lets face it, we are going to be",sitemap,2026-03-24T18:37:13.228Z,
/2024/11/russia-moscow/,200,Russia – Moscow | Nomadic year,http://nomadicyear.com/2024/11/russia-moscow/,,sitemap,2026-03-24T18:37:13.228Z,
/2024/11/russia-nizhniy-novgorod-and-vladimir/,200,Russia – Nizhniy Novgorod and Vladimir | Nomadic year,http://nomadicyear.com/2024/11/russia-nizhniy-novgorod-and-vladimir/,"Nizhniy Novgorod (GPS 56.326944, 44.0075) Vladimir (GPS 56.143439, 40.410693)",sitemap,2026-03-24T18:37:13.228Z,
/about-us/,200,About Us | Nomadic year,http://nomadicyear.com/about-us/,"So i guess you want to know who we are. We are Ivan and Hyein, originally from Russia and South Korea, but live in California now. Live is an overstatement, since now we actually live in our lovely Toyota Land Cruiser 100 as we are on a quest to drive around the world. We started",sitemap,2026-03-24T18:37:13.228Z,
/blank/,200,Blank | Nomadic year,http://nomadicyear.com/blank/,,sitemap,2026-03-24T18:37:13.228Z,
/blog/,200,Blog | Nomadic year,http://nomadicyear.com/blog/,,sitemap,2026-03-24T18:37:13.228Z,
/image-gallery/,200,Image Gallery | Nomadic year,http://nomadicyear.com/image-gallery/,,sitemap,2026-03-24T18:37:13.228Z,
/map/,200,Route | Nomadic year,http://nomadicyear.com/map/,Legend: Blue - Driving in Land Cruiser Red - Boats Yellow/Orange - Flights,sitemap,2026-03-24T18:37:13.228Z,
/media_category/lc-update-3/,200,LC Update 3 | Nomadic year,http://nomadicyear.com/media_category/lc-update-3/,,sitemap,2026-03-24T18:37:13.228Z,
/photos-with-friends/,200,Photos with Friends | Nomadic year,http://nomadicyear.com/photos-with-friends/,Korandovod on Lake Baikal 2016,sitemap,2026-03-24T18:37:13.228Z,
/preparation/,200,Preparation | Nomadic year,http://nomadicyear.com/preparation/,"Stuff that helped us prepare. Blogs transworldexpedition.com Met Nick for a cozy lunch in New York. He laid down the law and told me how this will go down. He could read me like a book, all the worries and all the questions. Its like he has done this before... PanAmerican Travelers Association (https://www.facebook.com/groups/panamtravelers/) Real",sitemap,2026-03-24T18:37:13.228Z,
/sample-page/,200,Sample Page | Nomadic year,http://nomadicyear.com/sample-page/,This is an example page. It&#039;s different from a blog post because it will stay in one place and will show up in your site navigation (in most themes). Most people start with an About page that introduces them to potential site visitors. It might say something like this: Hi there! I&#039;m a bike messenger,sitemap,2026-03-24T18:37:13.228Z,
/south-america-expense-report-in-korean/,200,South America Expense Report in Korean | Nomadic year,http://nomadicyear.com/south-america-expense-report-in-korean/,"We tracked every single purchase that we made on our trip through Central and South America. At first we used just a journal and a pen, but recently switched to AndroMoney app. We recorded the purchase in the local currency and use the average exchange rate from the times that we withdrew money from the",sitemap,2026-03-24T18:37:13.228Z,
/sponsors-and-credits/,200,People who helped | Nomadic year,http://nomadicyear.com/sponsors-and-credits/,"This would be impossible without the help, support and inspiration from these individuals: Earth graphic by Freepik from Flaticon is licensed under CC BY 3.0. Made with Logo Maker",sitemap,2026-03-24T18:37:13.228Z,
/tag/2016/,200,2016 | Nomadic year,http://nomadicyear.com/tag/2016/,,sitemap,2026-03-24T18:37:13.228Z,
/tag/700/,200,700 | Nomadic year,http://nomadicyear.com/tag/700/,,sitemap,2026-03-24T18:37:13.228Z,
/tag/aarul/,200,aarul | Nomadic year,http://nomadicyear.com/tag/aarul/,,sitemap,2026-03-24T18:37:13.228Z,
/tag/air-astana/,200,air astana | Nomadic year,http://nomadicyear.com/tag/air-astana/,,sitemap,2026-03-24T18:37:13.228Z,
/tag/airag/,200,airag | Nomadic year,http://nomadicyear.com/tag/airag/,,sitemap,2026-03-24T18:37:13.228Z,
/tag/aksu/,200,aksu | Nomadic year,http://nomadicyear.com/tag/aksu/,,sitemap,2026-03-24T18:37:13.228Z,
/tag/aktau/,200,aktau | Nomadic year,http://nomadicyear.com/tag/aktau/,,sitemap,2026-03-24T18:37:13.228Z,
/tag/alatau/,200,alatau | Nomadic year,http://nomadicyear.com/tag/alatau/,,sitemap,2026-03-24T18:37:13.228Z,
/tag/algae/,200,algae | Nomadic year,http://nomadicyear.com/tag/algae/,,sitemap,2026-03-24T18:37:13.228Z,
/tag/alibek/,200,alibek | Nomadic year,http://nomadicyear.com/tag/alibek/,,sitemap,2026-03-24T18:37:13.228Z,
/tag/almaty/,200,almaty | Nomadic year,http://nomadicyear.com/tag/almaty/,,sitemap,2026-03-24T18:37:13.228Z,
/tag/alpacas/,200,alpacas | Nomadic year,http://nomadicyear.com/tag/alpacas/,,sitemap,2026-03-24T18:37:13.228Z,
/tag/altai/,200,altai | Nomadic year,http://nomadicyear.com/tag/altai/,,sitemap,2026-03-24T18:37:13.228Z,
/tag/altitude/,200,altitude | Nomadic year,http://nomadicyear.com/tag/altitude/,,sitemap,2026-03-24T18:37:13.228Z,
/tag/altyn-arashan/,200,altyn arashan | Nomadic year,http://nomadicyear.com/tag/altyn-arashan/,,sitemap,2026-03-24T18:37:13.228Z,
/tag/altyn-emel/,200,altyn emel | Nomadic year,http://nomadicyear.com/tag/altyn-emel/,,sitemap,2026-03-24T18:37:13.228Z,
/tag/annual-meeting/,200,annual meeting | Nomadic year,http://nomadicyear.com/tag/annual-meeting/,,sitemap,2026-03-24T18:37:13.228Z,
/tag/antigua/,200,antigua | Nomadic year,http://nomadicyear.com/tag/antigua/,,sitemap,2026-03-24T18:37:13.228Z,
/tag/anton/,200,anton | Nomadic year,http://nomadicyear.com/tag/anton/,,sitemap,2026-03-24T18:37:13.228Z,
/tag/argentina/,200,argentina | Nomadic year,http://nomadicyear.com/tag/argentina/,,sitemap,2026-03-24T18:37:13.228Z,
/tag/army/,200,army | Nomadic year,http://nomadicyear.com/tag/army/,,sitemap,2026-03-24T18:37:13.228Z,
/tag/around-the-world-drive/,200,around the world drive | Nomadic year,http://nomadicyear.com/tag/around-the-world-drive/,,sitemap,2026-03-24T18:37:13.228Z,
/tag/asia/,200,asia | Nomadic year,http://nomadicyear.com/tag/asia/,,sitemap,2026-03-24T18:37:13.228Z,
/tag/astana/,200,astana | Nomadic year,http://nomadicyear.com/tag/astana/,,sitemap,2026-03-24T18:37:13.228Z,
/tag/atb/,200,atb | Nomadic year,http://nomadicyear.com/tag/atb/,,sitemap,2026-03-24T18:37:13.228Z,
/tag/atitlan/,200,atitlan | Nomadic year,http://nomadicyear.com/tag/atitlan/,,sitemap,2026-03-24T18:37:13.228Z,
/tag/atm/,200,atm | Nomadic year,http://nomadicyear.com/tag/atm/,,sitemap,2026-03-24T18:37:13.228Z,
/tag/bachelor-party/,200,bachelor party | Nomadic year,http://nomadicyear.com/tag/bachelor-party/,,sitemap,2026-03-24T18:37:13.228Z,
/tag/backpacking/,200,backpacking | Nomadic year,http://nomadicyear.com/tag/backpacking/,,sitemap,2026-03-24T18:37:13.228Z,
/tag/bad-wine/,200,bad wine | Nomadic year,http://nomadicyear.com/tag/bad-wine/,,sitemap,2026-03-24T18:37:13.228Z,
/tag/bada-bagh/,200,bada bagh | Nomadic year,http://nomadicyear.com/tag/bada-bagh/,,sitemap,2026-03-24T18:37:13.228Z,
/tag/baikal/,200,baikal | Nomadic year,http://nomadicyear.com/tag/baikal/,,sitemap,2026-03-24T18:37:13.228Z,
/tag/baja/,200,Baja | Nomadic year,http://nomadicyear.com/tag/baja/,,sitemap,2026-03-24T18:37:13.228Z,
/tag/balneario/,200,Balneario | Nomadic year,http://nomadicyear.com/tag/balneario/,,sitemap,2026-03-24T18:37:13.228Z,
/tag/bangkok/,200,bangkok | Nomadic year,http://nomadicyear.com/tag/bangkok/,,sitemap,2026-03-24T18:37:13.228Z,
/tag/bank/,200,bank | Nomadic year,http://nomadicyear.com/tag/bank/,,sitemap,2026-03-24T18:37:13.228Z,
/tag/banks/,200,banks | Nomadic year,http://nomadicyear.com/tag/banks/,,sitemap,2026-03-24T18:37:13.228Z,
/tag/banya/,200,banya | Nomadic year,http://nomadicyear.com/tag/banya/,,sitemap,2026-03-24T18:37:13.228Z,
/tag/battery/,200,battery | Nomadic year,http://nomadicyear.com/tag/battery/,,sitemap,2026-03-24T18:37:13.228Z,
/tag/bayankhongor/,200,bayankhongor | Nomadic year,http://nomadicyear.com/tag/bayankhongor/,,sitemap,2026-03-24T18:37:13.228Z,
/tag/bayanlig/,200,bayanlig | Nomadic year,http://nomadicyear.com/tag/bayanlig/,,sitemap,2026-03-24T18:37:13.228Z,
/tag/bbq/,200,bbq | Nomadic year,http://nomadicyear.com/tag/bbq/,,sitemap,2026-03-24T18:37:13.228Z,
/tag/beach/,200,beach | Nomadic year,http://nomadicyear.com/tag/beach/,,sitemap,2026-03-24T18:37:13.228Z,
/tag/bear/,200,bear | Nomadic year,http://nomadicyear.com/tag/bear/,,sitemap,2026-03-24T18:37:13.228Z,
/tag/beef/,200,beef | Nomadic year,http://nomadicyear.com/tag/beef/,,sitemap,2026-03-24T18:37:13.228Z,
/tag/beer/,200,beer | Nomadic year,http://nomadicyear.com/tag/beer/,,sitemap,2026-03-24T18:37:13.228Z,
/tag/beijing/,200,beijing | Nomadic year,http://nomadicyear.com/tag/beijing/,,sitemap,2026-03-24T18:37:13.228Z,
/tag/beshparmak/,200,beshparmak | Nomadic year,http://nomadicyear.com/tag/beshparmak/,,sitemap,2026-03-24T18:37:13.228Z,
/tag/big-almaty-lake/,200,big almaty lake | Nomadic year,http://nomadicyear.com/tag/big-almaty-lake/,,sitemap,2026-03-24T18:37:13.228Z,
/tag/bike-club/,200,bike club | Nomadic year,http://nomadicyear.com/tag/bike-club/,,sitemap,2026-03-24T18:37:13.228Z,
/tag/bikes/,200,bikes | Nomadic year,http://nomadicyear.com/tag/bikes/,,sitemap,2026-03-24T18:37:13.228Z,
/tag/bindi/,200,bindi | Nomadic year,http://nomadicyear.com/tag/bindi/,,sitemap,2026-03-24T18:37:13.228Z,
/tag/bishkek/,200,bishkek | Nomadic year,http://nomadicyear.com/tag/bishkek/,,sitemap,2026-03-24T18:37:13.228Z,
/tag/blagoveschensk/,200,blagoveschensk | Nomadic year,http://nomadicyear.com/tag/blagoveschensk/,,sitemap,2026-03-24T18:37:13.228Z,
/tag/bmw/,200,bmw | Nomadic year,http://nomadicyear.com/tag/bmw/,,sitemap,2026-03-24T18:37:13.228Z,
/tag/boat-ride/,200,boat ride | Nomadic year,http://nomadicyear.com/tag/boat-ride/,,sitemap,2026-03-24T18:37:13.228Z,
/tag/boat/,200,boat | Nomadic year,http://nomadicyear.com/tag/boat/,,sitemap,2026-03-24T18:37:13.228Z,
/tag/bogd/,200,bogd | Nomadic year,http://nomadicyear.com/tag/bogd/,,sitemap,2026-03-24T18:37:13.228Z,
/tag/bogomol/,200,bogomol | Nomadic year,http://nomadicyear.com/tag/bogomol/,,sitemap,2026-03-24T18:37:13.228Z,
/tag/bolat/,200,bolat | Nomadic year,http://nomadicyear.com/tag/bolat/,,sitemap,2026-03-24T18:37:13.228Z,
/tag/bolivia/,200,Bolivia | Nomadic year,http://nomadicyear.com/tag/bolivia/,,sitemap,2026-03-24T18:37:13.228Z,
/tag/borat/,200,borat | Nomadic year,http://nomadicyear.com/tag/borat/,,sitemap,2026-03-24T18:37:13.228Z,
/tag/border/,200,border | Nomadic year,http://nomadicyear.com/tag/border/,,sitemap,2026-03-24T18:37:13.228Z,
/tag/boringassroad/,200,boringassroad | Nomadic year,http://nomadicyear.com/tag/boringassroad/,,sitemap,2026-03-24T18:37:13.228Z,
/tag/borovoe/,200,borovoe | Nomadic year,http://nomadicyear.com/tag/borovoe/,,sitemap,2026-03-24T18:37:13.228Z,
/tag/brake-pads/,200,brake pads | Nomadic year,http://nomadicyear.com/tag/brake-pads/,,sitemap,2026-03-24T18:37:13.228Z,
/tag/brakes/,200,brakes | Nomadic year,http://nomadicyear.com/tag/brakes/,,sitemap,2026-03-24T18:37:13.228Z,
/tag/brazil/,200,brazil | Nomadic year,http://nomadicyear.com/tag/brazil/,,sitemap,2026-03-24T18:37:13.228Z,
/tag/breakdown/,200,breakdown | Nomadic year,http://nomadicyear.com/tag/breakdown/,,sitemap,2026-03-24T18:37:13.228Z,
/tag/brewery/,200,brewery | Nomadic year,http://nomadicyear.com/tag/brewery/,,sitemap,2026-03-24T18:37:13.228Z,
/tag/bribe/,200,bribe | Nomadic year,http://nomadicyear.com/tag/bribe/,,sitemap,2026-03-24T18:37:13.228Z,
/tag/bribery/,200,bribery | Nomadic year,http://nomadicyear.com/tag/bribery/,,sitemap,2026-03-24T18:37:13.228Z,
/tag/broken-heart-rock/,200,broken heart rock | Nomadic year,http://nomadicyear.com/tag/broken-heart-rock/,,sitemap,2026-03-24T18:37:13.228Z,
/tag/buenos-aires/,200,Buenos aires | Nomadic year,http://nomadicyear.com/tag/buenos-aires/,,sitemap,2026-03-24T18:37:13.228Z,
/tag/busan/,200,busan | Nomadic year,http://nomadicyear.com/tag/busan/,,sitemap,2026-03-24T18:37:13.228Z,
/tag/cafe/,200,cafe | Nomadic year,http://nomadicyear.com/tag/cafe/,,sitemap,2026-03-24T18:37:13.228Z,
/tag/cali/,200,Cali | Nomadic year,http://nomadicyear.com/tag/cali/,,sitemap,2026-03-24T18:37:13.228Z,
/tag/camels/,200,camels | Nomadic year,http://nomadicyear.com/tag/camels/,,sitemap,2026-03-24T18:37:13.228Z,
/tag/camping/,200,camping | Nomadic year,http://nomadicyear.com/tag/camping/,,sitemap,2026-03-24T18:37:13.228Z,
/tag/canyon/,200,canyon | Nomadic year,http://nomadicyear.com/tag/canyon/,,sitemap,2026-03-24T18:37:13.228Z,
/tag/car-camping/,200,car camping | Nomadic year,http://nomadicyear.com/tag/car-camping/,,sitemap,2026-03-24T18:37:13.228Z,
/tag/car-shipping/,200,car shipping | Nomadic year,http://nomadicyear.com/tag/car-shipping/,,sitemap,2026-03-24T18:37:13.228Z,
/tag/car-troubles/,200,car troubles | Nomadic year,http://nomadicyear.com/tag/car-troubles/,,sitemap,2026-03-24T18:37:13.228Z,
/tag/car/,200,car | Nomadic year,http://nomadicyear.com/tag/car/,,sitemap,2026-03-24T18:37:13.228Z,
/tag/carretera-austral/,200,carretera austral | Nomadic year,http://nomadicyear.com/tag/carretera-austral/,,sitemap,2026-03-24T18:37:13.228Z,
/tag/cartagena/,200,Cartagena | Nomadic year,http://nomadicyear.com/tag/cartagena/,,sitemap,2026-03-24T18:37:13.228Z,
/tag/cats/,200,cats | Nomadic year,http://nomadicyear.com/tag/cats/,,sitemap,2026-03-24T18:37:13.228Z,
/tag/caves/,200,caves | Nomadic year,http://nomadicyear.com/tag/caves/,,sitemap,2026-03-24T18:37:13.228Z,
/tag/central-america/,200,central america | Nomadic year,http://nomadicyear.com/tag/central-america/,,sitemap,2026-03-24T18:37:13.228Z,
/tag/chakchak/,200,chakchak | Nomadic year,http://nomadicyear.com/tag/chakchak/,,sitemap,2026-03-24T18:37:13.228Z,
/tag/chess/,200,chess | Nomadic year,http://nomadicyear.com/tag/chess/,,sitemap,2026-03-24T18:37:13.228Z,
/tag/chiang-mai/,200,chiang mai | Nomadic year,http://nomadicyear.com/tag/chiang-mai/,,sitemap,2026-03-24T18:37:13.228Z,
/tag/chikungunya/,200,chikungunya | Nomadic year,http://nomadicyear.com/tag/chikungunya/,,sitemap,2026-03-24T18:37:13.228Z,
/tag/childrens-railroad/,200,childrens railroad | Nomadic year,http://nomadicyear.com/tag/childrens-railroad/,,sitemap,2026-03-24T18:37:13.228Z,
/tag/chile/,200,chile | Nomadic year,http://nomadicyear.com/tag/chile/,,sitemap,2026-03-24T18:37:13.228Z,
/tag/china/,200,china | Nomadic year,http://nomadicyear.com/tag/china/,,sitemap,2026-03-24T18:37:13.228Z,
/tag/chinese-food/,200,chinese food | Nomadic year,http://nomadicyear.com/tag/chinese-food/,,sitemap,2026-03-24T18:37:13.228Z,
/tag/chinggis-khan/,200,chinggis khan | Nomadic year,http://nomadicyear.com/tag/chinggis-khan/,,sitemap,2026-03-24T18:37:13.228Z,
/tag/chita/,200,chita | Nomadic year,http://nomadicyear.com/tag/chita/,,sitemap,2026-03-24T18:37:13.228Z,
/tag/church/,200,church | Nomadic year,http://nomadicyear.com/tag/church/,,sitemap,2026-03-24T18:37:13.228Z,
/tag/climbing/,200,climbing | Nomadic year,http://nomadicyear.com/tag/climbing/,,sitemap,2026-03-24T18:37:13.228Z,
/tag/cold/,200,cold | Nomadic year,http://nomadicyear.com/tag/cold/,,sitemap,2026-03-24T18:37:13.228Z,
/tag/colombia/,200,Colombia | Nomadic year,http://nomadicyear.com/tag/colombia/,,sitemap,2026-03-24T18:37:13.228Z,
/tag/colon/,200,Colon | Nomadic year,http://nomadicyear.com/tag/colon/,,sitemap,2026-03-24T18:37:13.228Z,
/tag/competition/,200,competition | Nomadic year,http://nomadicyear.com/tag/competition/,,sitemap,2026-03-24T18:37:13.228Z,
/tag/container/,200,container | Nomadic year,http://nomadicyear.com/tag/container/,,sitemap,2026-03-24T18:37:13.228Z,
/tag/coordinates/,200,coordinates | Nomadic year,http://nomadicyear.com/tag/coordinates/,,sitemap,2026-03-24T18:37:13.228Z,
/tag/corrupt/,200,corrupt | Nomadic year,http://nomadicyear.com/tag/corrupt/,,sitemap,2026-03-24T18:37:13.228Z,
/tag/cosmos-station/,200,cosmos station | Nomadic year,http://nomadicyear.com/tag/cosmos-station/,,sitemap,2026-03-24T18:37:13.228Z,
/tag/costa-rica/,200,Costa Rica | Nomadic year,http://nomadicyear.com/tag/costa-rica/,,sitemap,2026-03-24T18:37:13.228Z,
/tag/costs/,200,costs | Nomadic year,http://nomadicyear.com/tag/costs/,,sitemap,2026-03-24T18:37:13.228Z,
/tag/cousin/,200,cousin | Nomadic year,http://nomadicyear.com/tag/cousin/,,sitemap,2026-03-24T18:37:13.228Z,
/tag/cousins/,200,cousins | Nomadic year,http://nomadicyear.com/tag/cousins/,,sitemap,2026-03-24T18:37:13.228Z,
/tag/cow/,200,cow | Nomadic year,http://nomadicyear.com/tag/cow/,,sitemap,2026-03-24T18:37:13.228Z,
/tag/cows/,200,cows | Nomadic year,http://nomadicyear.com/tag/cows/,,sitemap,2026-03-24T18:37:13.228Z,
/tag/crossing/,200,crossing | Nomadic year,http://nomadicyear.com/tag/crossing/,,sitemap,2026-03-24T18:37:13.228Z,
/tag/cub/,200,cub | Nomadic year,http://nomadicyear.com/tag/cub/,,sitemap,2026-03-24T18:37:13.228Z,
/tag/cusco/,200,Cusco | Nomadic year,http://nomadicyear.com/tag/cusco/,,sitemap,2026-03-24T18:37:13.228Z,
/tag/customs/,200,customs | Nomadic year,http://nomadicyear.com/tag/customs/,,sitemap,2026-03-24T18:37:13.228Z,
/tag/cuy/,200,cuy | Nomadic year,http://nomadicyear.com/tag/cuy/,,sitemap,2026-03-24T18:37:13.228Z,
/tag/cuzco/,200,Cuzco | Nomadic year,http://nomadicyear.com/tag/cuzco/,,sitemap,2026-03-24T18:37:13.228Z,
/tag/cv-boot/,200,cv boot | Nomadic year,http://nomadicyear.com/tag/cv-boot/,,sitemap,2026-03-24T18:37:13.228Z,
/tag/dacha/,200,dacha | Nomadic year,http://nomadicyear.com/tag/dacha/,,sitemap,2026-03-24T18:37:13.228Z,
/tag/dad/,200,dad | Nomadic year,http://nomadicyear.com/tag/dad/,,sitemap,2026-03-24T18:37:13.228Z,
/tag/darien-gap/,200,Darien Gap | Nomadic year,http://nomadicyear.com/tag/darien-gap/,,sitemap,2026-03-24T18:37:13.228Z,
/tag/deep-poornima/,200,deep poornima | Nomadic year,http://nomadicyear.com/tag/deep-poornima/,,sitemap,2026-03-24T18:37:13.228Z,
/tag/demonitization/,200,demonitization | Nomadic year,http://nomadicyear.com/tag/demonitization/,,sitemap,2026-03-24T18:37:13.228Z,
/tag/desert/,200,desert | Nomadic year,http://nomadicyear.com/tag/desert/,,sitemap,2026-03-24T18:37:13.228Z,
/tag/dessert/,200,dessert | Nomadic year,http://nomadicyear.com/tag/dessert/,,sitemap,2026-03-24T18:37:13.228Z,
/tag/dinner/,200,dinner | Nomadic year,http://nomadicyear.com/tag/dinner/,,sitemap,2026-03-24T18:37:13.228Z,
/tag/diving-helmet/,200,diving helmet | Nomadic year,http://nomadicyear.com/tag/diving-helmet/,,sitemap,2026-03-24T18:37:13.228Z,
/tag/djety-oguz/,200,djety oguz | Nomadic year,http://nomadicyear.com/tag/djety-oguz/,,sitemap,2026-03-24T18:37:13.228Z,
/tag/dogs/,200,dogs | Nomadic year,http://nomadicyear.com/tag/dogs/,,sitemap,2026-03-24T18:37:13.228Z,
/tag/dolphins/,200,dolphins | Nomadic year,http://nomadicyear.com/tag/dolphins/,,sitemap,2026-03-24T18:37:13.228Z,
/tag/don-sak/,200,don sak | Nomadic year,http://nomadicyear.com/tag/don-sak/,,sitemap,2026-03-24T18:37:13.228Z,
/tag/doshirak/,200,doshirak | Nomadic year,http://nomadicyear.com/tag/doshirak/,,sitemap,2026-03-24T18:37:13.228Z,
/tag/drinking/,200,drinking | Nomadic year,http://nomadicyear.com/tag/drinking/,,sitemap,2026-03-24T18:37:13.228Z,
/tag/drinks/,200,drinks | Nomadic year,http://nomadicyear.com/tag/drinks/,,sitemap,2026-03-24T18:37:13.228Z,
/tag/dumplings/,200,dumplings | Nomadic year,http://nomadicyear.com/tag/dumplings/,,sitemap,2026-03-24T18:37:13.228Z,
/tag/dunes/,200,dunes | Nomadic year,http://nomadicyear.com/tag/dunes/,,sitemap,2026-03-24T18:37:13.228Z,
/tag/ecuador/,200,Ecuador | Nomadic year,http://nomadicyear.com/tag/ecuador/,,sitemap,2026-03-24T18:37:13.228Z,
/tag/eduardo-avaroa-national-reserve/,200,Eduardo Avaroa National Reserve | Nomadic year,http://nomadicyear.com/tag/eduardo-avaroa-national-reserve/,,sitemap,2026-03-24T18:37:13.228Z,
/tag/el-salvador/,200,El Salvador | Nomadic year,http://nomadicyear.com/tag/el-salvador/,,sitemap,2026-03-24T18:37:13.228Z,
/tag/elephanta/,200,elephanta | Nomadic year,http://nomadicyear.com/tag/elephanta/,,sitemap,2026-03-24T18:37:13.228Z,
/tag/elephants/,200,elephants | Nomadic year,http://nomadicyear.com/tag/elephants/,,sitemap,2026-03-24T18:37:13.228Z,
/tag/empire/,200,empire | Nomadic year,http://nomadicyear.com/tag/empire/,,sitemap,2026-03-24T18:37:13.228Z,
/tag/end-of-the-world/,200,end of the world | Nomadic year,http://nomadicyear.com/tag/end-of-the-world/,,sitemap,2026-03-24T18:37:13.228Z,
/tag/episcleritis/,200,episcleritis | Nomadic year,http://nomadicyear.com/tag/episcleritis/,,sitemap,2026-03-24T18:37:13.228Z,
/tag/europe/,200,europe | Nomadic year,http://nomadicyear.com/tag/europe/,,sitemap,2026-03-24T18:37:13.228Z,
/tag/expense-report/,200,expense report | Nomadic year,http://nomadicyear.com/tag/expense-report/,,sitemap,2026-03-24T18:37:13.228Z,
/tag/eye/,200,eye | Nomadic year,http://nomadicyear.com/tag/eye/,,sitemap,2026-03-24T18:37:13.228Z,
/tag/facemask/,200,facemask | Nomadic year,http://nomadicyear.com/tag/facemask/,,sitemap,2026-03-24T18:37:13.228Z,
/tag/fairytale/,200,fairytale | Nomadic year,http://nomadicyear.com/tag/fairytale/,,sitemap,2026-03-24T18:37:13.228Z,
/tag/falang/,200,falang | Nomadic year,http://nomadicyear.com/tag/falang/,,sitemap,2026-03-24T18:37:13.228Z,
/tag/family/,200,family | Nomadic year,http://nomadicyear.com/tag/family/,,sitemap,2026-03-24T18:37:13.228Z,
/tag/feelyoume/,200,feelyoume | Nomadic year,http://nomadicyear.com/tag/feelyoume/,,sitemap,2026-03-24T18:37:13.228Z,
/tag/ferry/,200,Ferry | Nomadic year,http://nomadicyear.com/tag/ferry/,,sitemap,2026-03-24T18:37:13.228Z,
/tag/fire/,200,fire | Nomadic year,http://nomadicyear.com/tag/fire/,,sitemap,2026-03-24T18:37:13.228Z,
/tag/first-place/,200,first place | Nomadic year,http://nomadicyear.com/tag/first-place/,,sitemap,2026-03-24T18:37:13.228Z,
/tag/fish/,200,fish | Nomadic year,http://nomadicyear.com/tag/fish/,,sitemap,2026-03-24T18:37:13.228Z,
/tag/fishing/,200,fishing | Nomadic year,http://nomadicyear.com/tag/fishing/,,sitemap,2026-03-24T18:37:13.228Z,
/tag/fitness/,200,fitness | Nomadic year,http://nomadicyear.com/tag/fitness/,,sitemap,2026-03-24T18:37:13.228Z,
/tag/fixing/,200,fixing | Nomadic year,http://nomadicyear.com/tag/fixing/,,sitemap,2026-03-24T18:37:13.228Z,
/tag/flamingos/,200,flamingos | Nomadic year,http://nomadicyear.com/tag/flamingos/,,sitemap,2026-03-24T18:37:13.228Z,
/tag/flight/,200,flight | Nomadic year,http://nomadicyear.com/tag/flight/,,sitemap,2026-03-24T18:37:13.228Z,
/tag/flood/,200,flood | Nomadic year,http://nomadicyear.com/tag/flood/,,sitemap,2026-03-24T18:37:13.228Z,
/tag/food-poisoning/,200,food poisoning | Nomadic year,http://nomadicyear.com/tag/food-poisoning/,,sitemap,2026-03-24T18:37:13.228Z,
/tag/food/,200,Food | Nomadic year,http://nomadicyear.com/tag/food/,,sitemap,2026-03-24T18:37:13.228Z,
/tag/football/,200,football | Nomadic year,http://nomadicyear.com/tag/football/,,sitemap,2026-03-24T18:37:13.228Z,
/tag/forbidden-city/,200,forbidden city | Nomadic year,http://nomadicyear.com/tag/forbidden-city/,,sitemap,2026-03-24T18:37:13.228Z,
/tag/forest/,200,forest | Nomadic year,http://nomadicyear.com/tag/forest/,,sitemap,2026-03-24T18:37:13.228Z,
/tag/forro/,200,forro | Nomadic year,http://nomadicyear.com/tag/forro/,,sitemap,2026-03-24T18:37:13.228Z,
/tag/fort/,200,fort | Nomadic year,http://nomadicyear.com/tag/fort/,,sitemap,2026-03-24T18:37:13.228Z,
/tag/fox/,200,fox | Nomadic year,http://nomadicyear.com/tag/fox/,,sitemap,2026-03-24T18:37:13.228Z,
/tag/friends/,200,friends | Nomadic year,http://nomadicyear.com/tag/friends/,,sitemap,2026-03-24T18:37:13.228Z,
/tag/full-moon/,200,full moon | Nomadic year,http://nomadicyear.com/tag/full-moon/,,sitemap,2026-03-24T18:37:13.228Z,
/tag/futbol/,200,futbol | Nomadic year,http://nomadicyear.com/tag/futbol/,,sitemap,2026-03-24T18:37:13.228Z,
/tag/gadii-sagar/,200,gadii sagar | Nomadic year,http://nomadicyear.com/tag/gadii-sagar/,,sitemap,2026-03-24T18:37:13.228Z,
/tag/gallop/,200,gallop | Nomadic year,http://nomadicyear.com/tag/gallop/,,sitemap,2026-03-24T18:37:13.228Z,
/tag/games/,200,games | Nomadic year,http://nomadicyear.com/tag/games/,,sitemap,2026-03-24T18:37:13.228Z,
/tag/garage/,200,garage | Nomadic year,http://nomadicyear.com/tag/garage/,,sitemap,2026-03-24T18:37:13.228Z,
/tag/gas/,200,gas | Nomadic year,http://nomadicyear.com/tag/gas/,,sitemap,2026-03-24T18:37:13.228Z,
/tag/gatun-locks/,200,Gatun Locks | Nomadic year,http://nomadicyear.com/tag/gatun-locks/,,sitemap,2026-03-24T18:37:13.228Z,
/tag/genghis-khan/,200,genghis khan | Nomadic year,http://nomadicyear.com/tag/genghis-khan/,,sitemap,2026-03-24T18:37:13.228Z,
/tag/ger/,200,ger | Nomadic year,http://nomadicyear.com/tag/ger/,,sitemap,2026-03-24T18:37:13.228Z,
/tag/glacier/,200,glacier | Nomadic year,http://nomadicyear.com/tag/glacier/,,sitemap,2026-03-24T18:37:13.228Z,
/tag/golden-fall/,200,golden fall | Nomadic year,http://nomadicyear.com/tag/golden-fall/,,sitemap,2026-03-24T18:37:13.228Z,
/tag/gps/,200,gps | Nomadic year,http://nomadicyear.com/tag/gps/,,sitemap,2026-03-24T18:37:13.228Z,
/tag/grand-palace/,200,grand palace | Nomadic year,http://nomadicyear.com/tag/grand-palace/,,sitemap,2026-03-24T18:37:13.228Z,
/tag/grandma/,200,grandma | Nomadic year,http://nomadicyear.com/tag/grandma/,,sitemap,2026-03-24T18:37:13.228Z,
/tag/great-wall/,200,great wall | Nomadic year,http://nomadicyear.com/tag/great-wall/,,sitemap,2026-03-24T18:37:13.228Z,
/tag/guatemala/,200,guatemala | Nomadic year,http://nomadicyear.com/tag/guatemala/,,sitemap,2026-03-24T18:37:13.228Z,
/tag/guide/,200,guide | Nomadic year,http://nomadicyear.com/tag/guide/,,sitemap,2026-03-24T18:37:13.228Z,
/tag/guna-yala/,200,guna yala | Nomadic year,http://nomadicyear.com/tag/guna-yala/,,sitemap,2026-03-24T18:37:13.228Z,
/tag/hats/,200,hats | Nomadic year,http://nomadicyear.com/tag/hats/,,sitemap,2026-03-24T18:37:13.228Z,
/tag/hawk/,200,hawk | Nomadic year,http://nomadicyear.com/tag/hawk/,,sitemap,2026-03-24T18:37:13.228Z,
/tag/head/,200,head | Nomadic year,http://nomadicyear.com/tag/head/,,sitemap,2026-03-24T18:37:13.228Z,
/tag/helicopter/,200,helicopter | Nomadic year,http://nomadicyear.com/tag/helicopter/,,sitemap,2026-03-24T18:37:13.228Z,
/tag/hiking/,200,hiking | Nomadic year,http://nomadicyear.com/tag/hiking/,,sitemap,2026-03-24T18:37:13.228Z,
/tag/hills/,200,hills | Nomadic year,http://nomadicyear.com/tag/hills/,,sitemap,2026-03-24T18:37:13.228Z,
/tag/historic-downtown/,200,historic downtown | Nomadic year,http://nomadicyear.com/tag/historic-downtown/,,sitemap,2026-03-24T18:37:13.228Z,
/tag/hodori/,200,hodori | Nomadic year,http://nomadicyear.com/tag/hodori/,,sitemap,2026-03-24T18:37:13.228Z,
/tag/honduras/,200,Honduras | Nomadic year,http://nomadicyear.com/tag/honduras/,,sitemap,2026-03-24T18:37:13.228Z,
/tag/honey/,200,honey | Nomadic year,http://nomadicyear.com/tag/honey/,,sitemap,2026-03-24T18:37:13.228Z,
/tag/horse-meat/,200,horse meat | Nomadic year,http://nomadicyear.com/tag/horse-meat/,,sitemap,2026-03-24T18:37:13.228Z,
/tag/horseriding/,200,horseriding | Nomadic year,http://nomadicyear.com/tag/horseriding/,,sitemap,2026-03-24T18:37:13.228Z,
/tag/horses/,200,horses | Nomadic year,http://nomadicyear.com/tag/horses/,,sitemap,2026-03-24T18:37:13.228Z,
/tag/hosts/,200,hosts | Nomadic year,http://nomadicyear.com/tag/hosts/,,sitemap,2026-03-24T18:37:13.228Z,
/tag/hot-and-humid/,200,hot and humid | Nomadic year,http://nomadicyear.com/tag/hot-and-humid/,,sitemap,2026-03-24T18:37:13.228Z,
/tag/hot-spring/,200,hot spring | Nomadic year,http://nomadicyear.com/tag/hot-spring/,,sitemap,2026-03-24T18:37:13.228Z,
/tag/ibague/,200,Ibague | Nomadic year,http://nomadicyear.com/tag/ibague/,,sitemap,2026-03-24T18:37:13.228Z,
/tag/ice/,200,ice | Nomadic year,http://nomadicyear.com/tag/ice/,,sitemap,2026-03-24T18:37:13.228Z,
/tag/iguazu/,200,iguazu | Nomadic year,http://nomadicyear.com/tag/iguazu/,,sitemap,2026-03-24T18:37:13.228Z,
/tag/india/,200,india | Nomadic year,http://nomadicyear.com/tag/india/,,sitemap,2026-03-24T18:37:13.228Z,
/tag/infection/,200,infection | Nomadic year,http://nomadicyear.com/tag/infection/,,sitemap,2026-03-24T18:37:13.228Z,
/tag/irkutsk/,200,irkutsk | Nomadic year,http://nomadicyear.com/tag/irkutsk/,,sitemap,2026-03-24T18:37:13.228Z,
/tag/island/,200,island | Nomadic year,http://nomadicyear.com/tag/island/,,sitemap,2026-03-24T18:37:13.228Z,
/tag/issykul/,200,issykul | Nomadic year,http://nomadicyear.com/tag/issykul/,,sitemap,2026-03-24T18:37:13.228Z,
/tag/jagdish-temple/,200,jagdish temple | Nomadic year,http://nomadicyear.com/tag/jagdish-temple/,,sitemap,2026-03-24T18:37:13.228Z,
/tag/jaisalmer/,200,jaisalmer | Nomadic year,http://nomadicyear.com/tag/jaisalmer/,,sitemap,2026-03-24T18:37:13.228Z,
/tag/jet-lag/,200,jet lag | Nomadic year,http://nomadicyear.com/tag/jet-lag/,,sitemap,2026-03-24T18:37:13.228Z,
/tag/karakol/,200,karakol | Nomadic year,http://nomadicyear.com/tag/karakol/,,sitemap,2026-03-24T18:37:13.228Z,
/tag/karkorum/,200,karkorum | Nomadic year,http://nomadicyear.com/tag/karkorum/,,sitemap,2026-03-24T18:37:13.228Z,
/tag/katautau/,200,katautau | Nomadic year,http://nomadicyear.com/tag/katautau/,,sitemap,2026-03-24T18:37:13.228Z,
/tag/kazakh/,200,kazakh | Nomadic year,http://nomadicyear.com/tag/kazakh/,,sitemap,2026-03-24T18:37:13.228Z,
/tag/kazakhstan/,200,kazakhstan | Nomadic year,http://nomadicyear.com/tag/kazakhstan/,,sitemap,2026-03-24T18:37:13.228Z,
/tag/kazan/,200,kazan | Nomadic year,http://nomadicyear.com/tag/kazan/,,sitemap,2026-03-24T18:37:13.228Z,
/tag/khabarovsk/,200,khabarovsk | Nomadic year,http://nomadicyear.com/tag/khabarovsk/,,sitemap,2026-03-24T18:37:13.228Z,
/tag/khao-soi/,200,khao soi | Nomadic year,http://nomadicyear.com/tag/khao-soi/,,sitemap,2026-03-24T18:37:13.228Z,
/tag/khaosan-road/,200,khaosan road | Nomadic year,http://nomadicyear.com/tag/khaosan-road/,,sitemap,2026-03-24T18:37:13.228Z,
/tag/kharkhorin/,200,kharkhorin | Nomadic year,http://nomadicyear.com/tag/kharkhorin/,,sitemap,2026-03-24T18:37:13.228Z,
/tag/khaveli/,200,khaveli | Nomadic year,http://nomadicyear.com/tag/khaveli/,,sitemap,2026-03-24T18:37:13.228Z,
/tag/khongoryn-els/,200,khongoryn els | Nomadic year,http://nomadicyear.com/tag/khongoryn-els/,,sitemap,2026-03-24T18:37:13.228Z,
/tag/knights/,200,knights | Nomadic year,http://nomadicyear.com/tag/knights/,,sitemap,2026-03-24T18:37:13.228Z,
/tag/koh-samui/,200,koh samui | Nomadic year,http://nomadicyear.com/tag/koh-samui/,,sitemap,2026-03-24T18:37:13.228Z,
/tag/kol-sharif/,200,kol sharif | Nomadic year,http://nomadicyear.com/tag/kol-sharif/,,sitemap,2026-03-24T18:37:13.228Z,
/tag/korando/,200,korando | Nomadic year,http://nomadicyear.com/tag/korando/,,sitemap,2026-03-24T18:37:13.228Z,
/tag/korandovod/,200,korandovod | Nomadic year,http://nomadicyear.com/tag/korandovod/,,sitemap,2026-03-24T18:37:13.228Z,
/tag/korea/,200,Korea | Nomadic year,http://nomadicyear.com/tag/korea/,,sitemap,2026-03-24T18:37:13.228Z,
/tag/korean-food/,200,korean food | Nomadic year,http://nomadicyear.com/tag/korean-food/,,sitemap,2026-03-24T18:37:13.228Z,
/tag/koreans/,200,koreans | Nomadic year,http://nomadicyear.com/tag/koreans/,,sitemap,2026-03-24T18:37:13.228Z,
/tag/kremlin/,200,kremlin | Nomadic year,http://nomadicyear.com/tag/kremlin/,,sitemap,2026-03-24T18:37:13.228Z,
/tag/kumis/,200,kumis | Nomadic year,http://nomadicyear.com/tag/kumis/,,sitemap,2026-03-24T18:37:13.228Z,
/tag/kyrgyzstan/,200,kyrgyzstan | Nomadic year,http://nomadicyear.com/tag/kyrgyzstan/,,sitemap,2026-03-24T18:37:13.228Z,
/tag/la-paz/,200,La Paz | Nomadic year,http://nomadicyear.com/tag/la-paz/,,sitemap,2026-03-24T18:37:13.228Z,
/tag/lada-sedan/,200,lada sedan | Nomadic year,http://nomadicyear.com/tag/lada-sedan/,,sitemap,2026-03-24T18:37:13.228Z,
/tag/lagman/,200,lagman | Nomadic year,http://nomadicyear.com/tag/lagman/,,sitemap,2026-03-24T18:37:13.228Z,
/tag/lagos-de-colon/,200,Lagos de Colon | Nomadic year,http://nomadicyear.com/tag/lagos-de-colon/,,sitemap,2026-03-24T18:37:13.228Z,
/tag/laguna-blanca/,200,laguna blanca | Nomadic year,http://nomadicyear.com/tag/laguna-blanca/,,sitemap,2026-03-24T18:37:13.228Z,
/tag/laguna-colorada/,200,laguna colorada | Nomadic year,http://nomadicyear.com/tag/laguna-colorada/,,sitemap,2026-03-24T18:37:13.228Z,
/tag/laguna-de-apoyo/,200,Laguna de Apoyo | Nomadic year,http://nomadicyear.com/tag/laguna-de-apoyo/,,sitemap,2026-03-24T18:37:13.228Z,
/tag/laguna-verde/,200,laguna verde | Nomadic year,http://nomadicyear.com/tag/laguna-verde/,,sitemap,2026-03-24T18:37:13.228Z,
/tag/lake-pichola/,200,lake pichola | Nomadic year,http://nomadicyear.com/tag/lake-pichola/,,sitemap,2026-03-24T18:37:13.228Z,
/tag/lake/,200,lake | Nomadic year,http://nomadicyear.com/tag/lake/,,sitemap,2026-03-24T18:37:13.228Z,
/tag/lakes/,200,lakes | Nomadic year,http://nomadicyear.com/tag/lakes/,,sitemap,2026-03-24T18:37:13.228Z,
/tag/lamb/,200,lamb | Nomadic year,http://nomadicyear.com/tag/lamb/,,sitemap,2026-03-24T18:37:13.228Z,
/tag/land-cruiser/,200,land cruiser | Nomadic year,http://nomadicyear.com/tag/land-cruiser/,,sitemap,2026-03-24T18:37:13.228Z,
/tag/landcruiser/,200,landcruiser | Nomadic year,http://nomadicyear.com/tag/landcruiser/,,sitemap,2026-03-24T18:37:13.228Z,
/tag/light-festival/,200,light festival | Nomadic year,http://nomadicyear.com/tag/light-festival/,,sitemap,2026-03-24T18:37:13.228Z,
/tag/lima/,200,Lima | Nomadic year,http://nomadicyear.com/tag/lima/,,sitemap,2026-03-24T18:37:13.228Z,
/tag/lines/,200,Lines | Nomadic year,http://nomadicyear.com/tag/lines/,,sitemap,2026-03-24T18:37:13.228Z,
/tag/llamas/,200,llamas | Nomadic year,http://nomadicyear.com/tag/llamas/,,sitemap,2026-03-24T18:37:13.228Z,
/tag/lodging/,200,lodging | Nomadic year,http://nomadicyear.com/tag/lodging/,,sitemap,2026-03-24T18:37:13.228Z,
/tag/lomo/,200,lomo | Nomadic year,http://nomadicyear.com/tag/lomo/,,sitemap,2026-03-24T18:37:13.228Z,
/tag/lug-nuts/,200,lug nuts | Nomadic year,http://nomadicyear.com/tag/lug-nuts/,,sitemap,2026-03-24T18:37:13.228Z,
/tag/machu-picchu/,200,Machu Picchu | Nomadic year,http://nomadicyear.com/tag/machu-picchu/,,sitemap,2026-03-24T18:37:13.228Z,
/tag/magellan-penguins/,200,magellan penguins | Nomadic year,http://nomadicyear.com/tag/magellan-penguins/,,sitemap,2026-03-24T18:37:13.228Z,
/tag/mandrill/,200,mandrill | Nomadic year,http://nomadicyear.com/tag/mandrill/,,sitemap,2026-03-24T18:37:13.228Z,
/tag/mao/,200,mao | Nomadic year,http://nomadicyear.com/tag/mao/,,sitemap,2026-03-24T18:37:13.228Z,
/tag/maps/,200,maps | Nomadic year,http://nomadicyear.com/tag/maps/,,sitemap,2026-03-24T18:37:13.228Z,
/tag/market/,200,Market | Nomadic year,http://nomadicyear.com/tag/market/,,sitemap,2026-03-24T18:37:13.228Z,
/tag/martha-and-fernando/,200,Martha and Fernando | Nomadic year,http://nomadicyear.com/tag/martha-and-fernando/,,sitemap,2026-03-24T18:37:13.228Z,
/tag/mate/,200,mate | Nomadic year,http://nomadicyear.com/tag/mate/,,sitemap,2026-03-24T18:37:13.228Z,
/tag/matryoshka/,200,matryoshka | Nomadic year,http://nomadicyear.com/tag/matryoshka/,,sitemap,2026-03-24T18:37:13.228Z,
/tag/mayak/,200,mayak | Nomadic year,http://nomadicyear.com/tag/mayak/,,sitemap,2026-03-24T18:37:13.228Z,
/tag/mchs/,200,mchs | Nomadic year,http://nomadicyear.com/tag/mchs/,,sitemap,2026-03-24T18:37:13.228Z,
/tag/meat/,200,meat | Nomadic year,http://nomadicyear.com/tag/meat/,,sitemap,2026-03-24T18:37:13.228Z,
/tag/medellin/,200,Medellin | Nomadic year,http://nomadicyear.com/tag/medellin/,,sitemap,2026-03-24T18:37:13.228Z,
/tag/medeu/,200,medeu | Nomadic year,http://nomadicyear.com/tag/medeu/,,sitemap,2026-03-24T18:37:13.228Z,
/tag/memorial/,200,memorial | Nomadic year,http://nomadicyear.com/tag/memorial/,,sitemap,2026-03-24T18:37:13.228Z,
/tag/metro/,200,metro | Nomadic year,http://nomadicyear.com/tag/metro/,,sitemap,2026-03-24T18:37:13.228Z,
/tag/mexico/,200,Mexico | Nomadic year,http://nomadicyear.com/tag/mexico/,,sitemap,2026-03-24T18:37:13.228Z,
/tag/miass/,200,miass | Nomadic year,http://nomadicyear.com/tag/miass/,,sitemap,2026-03-24T18:37:13.228Z,
/tag/military/,200,military | Nomadic year,http://nomadicyear.com/tag/military/,,sitemap,2026-03-24T18:37:13.228Z,
/tag/milk-tea/,200,milk tea | Nomadic year,http://nomadicyear.com/tag/milk-tea/,,sitemap,2026-03-24T18:37:13.228Z,
/tag/milky-way/,200,milky way | Nomadic year,http://nomadicyear.com/tag/milky-way/,,sitemap,2026-03-24T18:37:13.228Z,
/tag/moldo-ashu/,200,moldo ashu | Nomadic year,http://nomadicyear.com/tag/moldo-ashu/,,sitemap,2026-03-24T18:37:13.228Z,
/tag/money/,200,money | Nomadic year,http://nomadicyear.com/tag/money/,,sitemap,2026-03-24T18:37:13.228Z,
/tag/mongol-els/,200,mongol els | Nomadic year,http://nomadicyear.com/tag/mongol-els/,,sitemap,2026-03-24T18:37:13.228Z,
/tag/mongolia/,200,mongolia | Nomadic year,http://nomadicyear.com/tag/mongolia/,,sitemap,2026-03-24T18:37:13.228Z,
/tag/monkey/,200,monkey | Nomadic year,http://nomadicyear.com/tag/monkey/,,sitemap,2026-03-24T18:37:13.228Z,
/tag/monkeys/,200,monkeys | Nomadic year,http://nomadicyear.com/tag/monkeys/,,sitemap,2026-03-24T18:37:13.228Z,
/tag/montevideo/,200,montevideo | Nomadic year,http://nomadicyear.com/tag/montevideo/,,sitemap,2026-03-24T18:37:13.228Z,
/tag/moscow/,200,moscow | Nomadic year,http://nomadicyear.com/tag/moscow/,,sitemap,2026-03-24T18:37:13.228Z,
/tag/mosque/,200,mosque | Nomadic year,http://nomadicyear.com/tag/mosque/,,sitemap,2026-03-24T18:37:13.228Z,
/tag/mosquitoes/,200,mosquitoes | Nomadic year,http://nomadicyear.com/tag/mosquitoes/,,sitemap,2026-03-24T18:37:13.228Z,
/tag/motorcycles/,200,motorcycles | Nomadic year,http://nomadicyear.com/tag/motorcycles/,,sitemap,2026-03-24T18:37:13.228Z,
/tag/mountain-pass/,200,mountain pass | Nomadic year,http://nomadicyear.com/tag/mountain-pass/,,sitemap,2026-03-24T18:37:13.228Z,
/tag/mountains/,200,mountains | Nomadic year,http://nomadicyear.com/tag/mountains/,,sitemap,2026-03-24T18:37:13.228Z,
/tag/mud/,200,mud | Nomadic year,http://nomadicyear.com/tag/mud/,,sitemap,2026-03-24T18:37:13.228Z,
/tag/mulgogi/,200,mulgogi | Nomadic year,http://nomadicyear.com/tag/mulgogi/,,sitemap,2026-03-24T18:37:13.228Z,
/tag/mumbai/,200,mumbai | Nomadic year,http://nomadicyear.com/tag/mumbai/,,sitemap,2026-03-24T18:37:13.228Z,
/tag/musso/,200,musso | Nomadic year,http://nomadicyear.com/tag/musso/,,sitemap,2026-03-24T18:37:13.228Z,
/tag/mutianyu/,200,mutianyu | Nomadic year,http://nomadicyear.com/tag/mutianyu/,,sitemap,2026-03-24T18:37:13.228Z,
/tag/nangman/,200,nangman | Nomadic year,http://nomadicyear.com/tag/nangman/,,sitemap,2026-03-24T18:37:13.228Z,
/tag/nastya/,200,nastya | Nomadic year,http://nomadicyear.com/tag/nastya/,,sitemap,2026-03-24T18:37:13.228Z,
/tag/national-park/,200,national park | Nomadic year,http://nomadicyear.com/tag/national-park/,,sitemap,2026-03-24T18:37:13.228Z,
/tag/nazca/,200,Nazca | Nomadic year,http://nomadicyear.com/tag/nazca/,,sitemap,2026-03-24T18:37:13.228Z,
/tag/new-friends/,200,new friends | Nomadic year,http://nomadicyear.com/tag/new-friends/,,sitemap,2026-03-24T18:37:13.228Z,
/tag/nicaragua/,200,Nicaragua | Nomadic year,http://nomadicyear.com/tag/nicaragua/,,sitemap,2026-03-24T18:37:13.228Z,
/tag/nice-food/,200,nice food | Nomadic year,http://nomadicyear.com/tag/nice-food/,,sitemap,2026-03-24T18:37:13.228Z,
/tag/night-photography/,200,night photography | Nomadic year,http://nomadicyear.com/tag/night-photography/,,sitemap,2026-03-24T18:37:13.228Z,
/tag/night-view/,200,night view | Nomadic year,http://nomadicyear.com/tag/night-view/,,sitemap,2026-03-24T18:37:13.228Z,
/tag/nizhniy-novgorod/,200,nizhniy novgorod | Nomadic year,http://nomadicyear.com/tag/nizhniy-novgorod/,,sitemap,2026-03-24T18:37:13.228Z,
/tag/nomad/,200,nomad | Nomadic year,http://nomadicyear.com/tag/nomad/,,sitemap,2026-03-24T18:37:13.228Z,
/tag/nomados/,200,nomados | Nomadic year,http://nomadicyear.com/tag/nomados/,,sitemap,2026-03-24T18:37:13.228Z,
/tag/novosibirsk/,200,novosibirsk | Nomadic year,http://nomadicyear.com/tag/novosibirsk/,,sitemap,2026-03-24T18:37:13.228Z,
/tag/oasis/,200,oasis | Nomadic year,http://nomadicyear.com/tag/oasis/,,sitemap,2026-03-24T18:37:13.228Z,
/tag/oaxaca/,200,Oaxaca | Nomadic year,http://nomadicyear.com/tag/oaxaca/,,sitemap,2026-03-24T18:37:13.228Z,
/tag/offroad/,200,offroad | Nomadic year,http://nomadicyear.com/tag/offroad/,,sitemap,2026-03-24T18:37:13.228Z,
/tag/offroading/,200,offroading | Nomadic year,http://nomadicyear.com/tag/offroading/,,sitemap,2026-03-24T18:37:13.228Z,
/tag/old-friends/,200,old friends | Nomadic year,http://nomadicyear.com/tag/old-friends/,,sitemap,2026-03-24T18:37:13.228Z,
/tag/olkhon/,200,olkhon | Nomadic year,http://nomadicyear.com/tag/olkhon/,,sitemap,2026-03-24T18:37:13.228Z,
/tag/olkoh/,200,olkoh | Nomadic year,http://nomadicyear.com/tag/olkoh/,,sitemap,2026-03-24T18:37:13.228Z,
/tag/omul/,200,omul | Nomadic year,http://nomadicyear.com/tag/omul/,,sitemap,2026-03-24T18:37:13.228Z,
/tag/opposite/,200,opposite | Nomadic year,http://nomadicyear.com/tag/opposite/,,sitemap,2026-03-24T18:37:13.228Z,
/tag/overland/,200,overland | Nomadic year,http://nomadicyear.com/tag/overland/,,sitemap,2026-03-24T18:37:13.228Z,
/tag/overlanding/,200,overlanding | Nomadic year,http://nomadicyear.com/tag/overlanding/,,sitemap,2026-03-24T18:37:13.228Z,
/tag/pacific/,200,pacific | Nomadic year,http://nomadicyear.com/tag/pacific/,,sitemap,2026-03-24T18:37:13.228Z,
/tag/palace/,200,palace | Nomadic year,http://nomadicyear.com/tag/palace/,,sitemap,2026-03-24T18:37:13.228Z,
/tag/pamir/,200,pamir | Nomadic year,http://nomadicyear.com/tag/pamir/,,sitemap,2026-03-24T18:37:13.228Z,
/tag/panama-canal/,200,Panama Canal | Nomadic year,http://nomadicyear.com/tag/panama-canal/,,sitemap,2026-03-24T18:37:13.228Z,
/tag/panama/,200,Panama | Nomadic year,http://nomadicyear.com/tag/panama/,,sitemap,2026-03-24T18:37:13.228Z,
/tag/parents/,200,parents | Nomadic year,http://nomadicyear.com/tag/parents/,,sitemap,2026-03-24T18:37:13.228Z,
/tag/party/,200,party | Nomadic year,http://nomadicyear.com/tag/party/,,sitemap,2026-03-24T18:37:13.228Z,
/tag/patagonia/,200,patagonia | Nomadic year,http://nomadicyear.com/tag/patagonia/,,sitemap,2026-03-24T18:37:13.228Z,
/tag/pav-bhaji/,200,pav bhaji | Nomadic year,http://nomadicyear.com/tag/pav-bhaji/,,sitemap,2026-03-24T18:37:13.228Z,
/tag/peak-lenin/,200,peak lenin | Nomadic year,http://nomadicyear.com/tag/peak-lenin/,,sitemap,2026-03-24T18:37:13.228Z,
/tag/peking-duck/,200,peking duck | Nomadic year,http://nomadicyear.com/tag/peking-duck/,,sitemap,2026-03-24T18:37:13.228Z,
/tag/pelmeni/,200,pelmeni | Nomadic year,http://nomadicyear.com/tag/pelmeni/,,sitemap,2026-03-24T18:37:13.228Z,
/tag/penny-farthing/,200,penny farthing | Nomadic year,http://nomadicyear.com/tag/penny-farthing/,,sitemap,2026-03-24T18:37:13.228Z,
/tag/perito-moreno/,200,perito moreno | Nomadic year,http://nomadicyear.com/tag/perito-moreno/,,sitemap,2026-03-24T18:37:13.228Z,
/tag/peru/,200,Peru | Nomadic year,http://nomadicyear.com/tag/peru/,,sitemap,2026-03-24T18:37:13.228Z,
/tag/polar/,200,polar | Nomadic year,http://nomadicyear.com/tag/polar/,,sitemap,2026-03-24T18:37:13.228Z,
/tag/police/,200,police | Nomadic year,http://nomadicyear.com/tag/police/,,sitemap,2026-03-24T18:37:13.228Z,
/tag/polish/,200,polish | Nomadic year,http://nomadicyear.com/tag/polish/,,sitemap,2026-03-24T18:37:13.228Z,
/tag/pollution/,200,pollution | Nomadic year,http://nomadicyear.com/tag/pollution/,,sitemap,2026-03-24T18:37:13.228Z,
/tag/port/,200,port | Nomadic year,http://nomadicyear.com/tag/port/,,sitemap,2026-03-24T18:37:13.228Z,
/tag/prize/,200,prize | Nomadic year,http://nomadicyear.com/tag/prize/,,sitemap,2026-03-24T18:37:13.228Z,
/tag/punta-tomba/,200,punta tomba | Nomadic year,http://nomadicyear.com/tag/punta-tomba/,,sitemap,2026-03-24T18:37:13.228Z,
/tag/pupusa/,200,Pupusa | Nomadic year,http://nomadicyear.com/tag/pupusa/,,sitemap,2026-03-24T18:37:13.228Z,
/tag/r23/,200,r23 | Nomadic year,http://nomadicyear.com/tag/r23/,,sitemap,2026-03-24T18:37:13.228Z,
/tag/radio/,200,radio | Nomadic year,http://nomadicyear.com/tag/radio/,,sitemap,2026-03-24T18:37:13.228Z,
/tag/rain/,200,rain | Nomadic year,http://nomadicyear.com/tag/rain/,,sitemap,2026-03-24T18:37:13.228Z,
/tag/rainbow/,200,rainbow | Nomadic year,http://nomadicyear.com/tag/rainbow/,,sitemap,2026-03-24T18:37:13.228Z,
/tag/rasmalai/,200,rasmalai | Nomadic year,http://nomadicyear.com/tag/rasmalai/,,sitemap,2026-03-24T18:37:13.228Z,
/tag/red-square/,200,red square | Nomadic year,http://nomadicyear.com/tag/red-square/,,sitemap,2026-03-24T18:37:13.228Z,
/tag/retired-people/,200,retired people | Nomadic year,http://nomadicyear.com/tag/retired-people/,,sitemap,2026-03-24T18:37:13.228Z,
/tag/river/,200,river | Nomadic year,http://nomadicyear.com/tag/river/,,sitemap,2026-03-24T18:37:13.228Z,
/tag/rivers/,200,rivers | Nomadic year,http://nomadicyear.com/tag/rivers/,,sitemap,2026-03-24T18:37:13.228Z,
/tag/road/,200,road | Nomadic year,http://nomadicyear.com/tag/road/,,sitemap,2026-03-24T18:37:13.228Z,
/tag/robot/,200,robot | Nomadic year,http://nomadicyear.com/tag/robot/,,sitemap,2026-03-24T18:37:13.228Z,
/tag/ruppee/,200,ruppee | Nomadic year,http://nomadicyear.com/tag/ruppee/,,sitemap,2026-03-24T18:37:13.228Z,
/tag/russia/,200,russia | Nomadic year,http://nomadicyear.com/tag/russia/,,sitemap,2026-03-24T18:37:13.228Z,
/tag/rust/,200,rust | Nomadic year,http://nomadicyear.com/tag/rust/,,sitemap,2026-03-24T18:37:13.228Z,
/tag/salar-de-uyuni/,200,Salar de Uyuni | Nomadic year,http://nomadicyear.com/tag/salar-de-uyuni/,,sitemap,2026-03-24T18:37:13.228Z,
/tag/samsa/,200,samsa | Nomadic year,http://nomadicyear.com/tag/samsa/,,sitemap,2026-03-24T18:37:13.228Z,
/tag/san-blas/,200,san blas | Nomadic year,http://nomadicyear.com/tag/san-blas/,,sitemap,2026-03-24T18:37:13.228Z,
/tag/san-cristobal-de-las-casas/,200,San Cristobal de las Casas | Nomadic year,http://nomadicyear.com/tag/san-cristobal-de-las-casas/,,sitemap,2026-03-24T18:37:13.228Z,
/tag/san-pedro-de-atacama/,200,san pedro de atacama | Nomadic year,http://nomadicyear.com/tag/san-pedro-de-atacama/,,sitemap,2026-03-24T18:37:13.228Z,
/tag/sand/,200,sand | Nomadic year,http://nomadicyear.com/tag/sand/,,sitemap,2026-03-24T18:37:13.228Z,
/tag/sanots/,200,sanots | Nomadic year,http://nomadicyear.com/tag/sanots/,,sitemap,2026-03-24T18:37:13.228Z,
/tag/sao-paulo/,200,sao paulo | Nomadic year,http://nomadicyear.com/tag/sao-paulo/,,sitemap,2026-03-24T18:37:13.228Z,
/tag/sauna/,200,sauna | Nomadic year,http://nomadicyear.com/tag/sauna/,,sitemap,2026-03-24T18:37:13.228Z,
/tag/scary/,200,scary | Nomadic year,http://nomadicyear.com/tag/scary/,,sitemap,2026-03-24T18:37:13.228Z,
/tag/school/,200,school | Nomadic year,http://nomadicyear.com/tag/school/,,sitemap,2026-03-24T18:37:13.228Z,
/tag/sea/,200,sea | Nomadic year,http://nomadicyear.com/tag/sea/,,sitemap,2026-03-24T18:37:13.228Z,
/tag/seal/,200,seal | Nomadic year,http://nomadicyear.com/tag/seal/,,sitemap,2026-03-24T18:37:13.228Z,
/tag/seeds/,200,seeds | Nomadic year,http://nomadicyear.com/tag/seeds/,,sitemap,2026-03-24T18:37:13.228Z,
/tag/selfie/,200,selfie | Nomadic year,http://nomadicyear.com/tag/selfie/,,sitemap,2026-03-24T18:37:13.228Z,
/tag/seoul/,200,seoul | Nomadic year,http://nomadicyear.com/tag/seoul/,,sitemap,2026-03-24T18:37:13.228Z,
/tag/sharyn-canyon/,200,sharyn canyon | Nomadic year,http://nomadicyear.com/tag/sharyn-canyon/,,sitemap,2026-03-24T18:37:13.228Z,
/tag/sheep/,200,sheep | Nomadic year,http://nomadicyear.com/tag/sheep/,,sitemap,2026-03-24T18:37:13.228Z,
/tag/shipping/,200,shipping | Nomadic year,http://nomadicyear.com/tag/shipping/,,sitemap,2026-03-24T18:37:13.228Z,
/tag/shooting-stars/,200,shooting stars | Nomadic year,http://nomadicyear.com/tag/shooting-stars/,,sitemap,2026-03-24T18:37:13.228Z,
/tag/shymbulak/,200,shymbulak | Nomadic year,http://nomadicyear.com/tag/shymbulak/,,sitemap,2026-03-24T18:37:13.228Z,
/tag/sick/,200,sick | Nomadic year,http://nomadicyear.com/tag/sick/,,sitemap,2026-03-24T18:37:13.228Z,
/tag/sindoor/,200,sindoor | Nomadic year,http://nomadicyear.com/tag/sindoor/,,sitemap,2026-03-24T18:37:13.228Z,
/tag/singapore/,200,singapore | Nomadic year,http://nomadicyear.com/tag/singapore/,,sitemap,2026-03-24T18:37:13.228Z,
/tag/skazka/,200,skazka | Nomadic year,http://nomadicyear.com/tag/skazka/,,sitemap,2026-03-24T18:37:13.228Z,
/tag/skyclub/,200,skyclub | Nomadic year,http://nomadicyear.com/tag/skyclub/,,sitemap,2026-03-24T18:37:13.228Z,
/tag/sloth/,200,sloth | Nomadic year,http://nomadicyear.com/tag/sloth/,,sitemap,2026-03-24T18:37:13.228Z,
/tag/slum/,200,slum | Nomadic year,http://nomadicyear.com/tag/slum/,,sitemap,2026-03-24T18:37:13.228Z,
/tag/smog/,200,smog | Nomadic year,http://nomadicyear.com/tag/smog/,,sitemap,2026-03-24T18:37:13.228Z,
/tag/snorkeling/,200,snorkeling | Nomadic year,http://nomadicyear.com/tag/snorkeling/,,sitemap,2026-03-24T18:37:13.228Z,
/tag/snow/,200,snow | Nomadic year,http://nomadicyear.com/tag/snow/,,sitemap,2026-03-24T18:37:13.228Z,
/tag/soccer/,200,soccer | Nomadic year,http://nomadicyear.com/tag/soccer/,,sitemap,2026-03-24T18:37:13.228Z,
/tag/songkran/,200,songkran | Nomadic year,http://nomadicyear.com/tag/songkran/,,sitemap,2026-03-24T18:37:13.228Z,
/tag/songkul/,200,songkul | Nomadic year,http://nomadicyear.com/tag/songkul/,,sitemap,2026-03-24T18:37:13.228Z,
/tag/south-america/,200,south america | Nomadic year,http://nomadicyear.com/tag/south-america/,,sitemap,2026-03-24T18:37:13.228Z,
/tag/space/,200,space | Nomadic year,http://nomadicyear.com/tag/space/,,sitemap,2026-03-24T18:37:13.228Z,
/tag/spartak/,200,spartak | Nomadic year,http://nomadicyear.com/tag/spartak/,,sitemap,2026-03-24T18:37:13.228Z,
/tag/spring/,200,spring | Nomadic year,http://nomadicyear.com/tag/spring/,,sitemap,2026-03-24T18:37:13.228Z,
/tag/ssangyong/,200,ssangyong | Nomadic year,http://nomadicyear.com/tag/ssangyong/,,sitemap,2026-03-24T18:37:13.228Z,
/tag/st-basils-cathedral/,200,st basils cathedral | Nomadic year,http://nomadicyear.com/tag/st-basils-cathedral/,,sitemap,2026-03-24T18:37:13.228Z,
/tag/stars/,200,stars | Nomadic year,http://nomadicyear.com/tag/stars/,,sitemap,2026-03-24T18:37:13.228Z,
/tag/statue/,200,statue | Nomadic year,http://nomadicyear.com/tag/statue/,,sitemap,2026-03-24T18:37:13.228Z,
/tag/steak/,200,steak | Nomadic year,http://nomadicyear.com/tag/steak/,,sitemap,2026-03-24T18:37:13.228Z,
/tag/steaks/,200,steaks | Nomadic year,http://nomadicyear.com/tag/steaks/,,sitemap,2026-03-24T18:37:13.228Z,
/tag/steppe/,200,steppe | Nomadic year,http://nomadicyear.com/tag/steppe/,,sitemap,2026-03-24T18:37:13.228Z,
/tag/stickers/,200,stickers | Nomadic year,http://nomadicyear.com/tag/stickers/,,sitemap,2026-03-24T18:37:13.228Z,
/tag/stillavin/,200,stillavin | Nomadic year,http://nomadicyear.com/tag/stillavin/,,sitemap,2026-03-24T18:37:13.228Z,
/tag/stomach-bug/,200,stomach bug | Nomadic year,http://nomadicyear.com/tag/stomach-bug/,,sitemap,2026-03-24T18:37:13.228Z,
/tag/stomach-troubles/,200,stomach troubles | Nomadic year,http://nomadicyear.com/tag/stomach-troubles/,,sitemap,2026-03-24T18:37:13.228Z,
/tag/stove/,200,stove | Nomadic year,http://nomadicyear.com/tag/stove/,,sitemap,2026-03-24T18:37:13.228Z,
/tag/street-food/,200,street food | Nomadic year,http://nomadicyear.com/tag/street-food/,,sitemap,2026-03-24T18:37:13.228Z,
/tag/students/,200,students | Nomadic year,http://nomadicyear.com/tag/students/,,sitemap,2026-03-24T18:37:13.228Z,
/tag/subway/,200,subway | Nomadic year,http://nomadicyear.com/tag/subway/,,sitemap,2026-03-24T18:37:13.228Z,
/tag/suit/,200,suit | Nomadic year,http://nomadicyear.com/tag/suit/,,sitemap,2026-03-24T18:37:13.228Z,
/tag/summer-palace/,200,summer palace | Nomadic year,http://nomadicyear.com/tag/summer-palace/,,sitemap,2026-03-24T18:37:13.228Z,
/tag/summer/,200,summer | Nomadic year,http://nomadicyear.com/tag/summer/,,sitemap,2026-03-24T18:37:13.228Z,
/tag/sunflower/,200,sunflower | Nomadic year,http://nomadicyear.com/tag/sunflower/,,sitemap,2026-03-24T18:37:13.228Z,
/tag/surat-thani/,200,surat thani | Nomadic year,http://nomadicyear.com/tag/surat-thani/,,sitemap,2026-03-24T18:37:13.228Z,
/tag/suspension/,200,suspension | Nomadic year,http://nomadicyear.com/tag/suspension/,,sitemap,2026-03-24T18:37:13.228Z,
/tag/suzdal/,200,suzdal | Nomadic year,http://nomadicyear.com/tag/suzdal/,,sitemap,2026-03-24T18:37:13.228Z,
/tag/sviyazhsk/,200,sviyazhsk | Nomadic year,http://nomadicyear.com/tag/sviyazhsk/,,sitemap,2026-03-24T18:37:13.228Z,
/tag/swimming/,200,swimming | Nomadic year,http://nomadicyear.com/tag/swimming/,,sitemap,2026-03-24T18:37:13.228Z,
/tag/tango/,200,tango | Nomadic year,http://nomadicyear.com/tag/tango/,,sitemap,2026-03-24T18:37:13.228Z,
/tag/tannat/,200,tannat | Nomadic year,http://nomadicyear.com/tag/tannat/,,sitemap,2026-03-24T18:37:13.228Z,
/tag/tea/,200,tea | Nomadic year,http://nomadicyear.com/tag/tea/,,sitemap,2026-03-24T18:37:13.228Z,
/tag/temple-of-heaven/,200,temple of heaven | Nomadic year,http://nomadicyear.com/tag/temple-of-heaven/,,sitemap,2026-03-24T18:37:13.228Z,
/tag/thai-food/,200,thai food | Nomadic year,http://nomadicyear.com/tag/thai-food/,,sitemap,2026-03-24T20:24:17.000Z,
/tag/thailand/,200,thailand | Nomadic year,http://nomadicyear.com/tag/thailand/,,sitemap,2026-03-24T18:37:13.228Z,
/tag/thali/,200,thali | Nomadic year,http://nomadicyear.com/tag/thali/,,sitemap,2026-03-24T18:37:13.228Z,
/tag/thar/,200,thar | Nomadic year,http://nomadicyear.com/tag/thar/,,sitemap,2026-03-24T18:37:13.228Z,
/tag/tiananman-square/,200,tiananman square | Nomadic year,http://nomadicyear.com/tag/tiananman-square/,,sitemap,2026-03-24T18:37:13.228Z,
/tag/tickets/,200,tickets | Nomadic year,http://nomadicyear.com/tag/tickets/,,sitemap,2026-03-24T18:37:13.228Z,
/tag/tilon-ki-pol/,200,tilon-ki-pol | Nomadic year,http://nomadicyear.com/tag/tilon-ki-pol/,,sitemap,2026-03-24T18:37:13.228Z,
/tag/timelapse/,200,timelapse | Nomadic year,http://nomadicyear.com/tag/timelapse/,,sitemap,2026-03-24T18:37:13.228Z,
/tag/tinted-windows/,200,tinted windows | Nomadic year,http://nomadicyear.com/tag/tinted-windows/,,sitemap,2026-03-24T18:37:13.228Z,
/tag/torres-del-paine/,200,torres del paine | Nomadic year,http://nomadicyear.com/tag/torres-del-paine/,,sitemap,2026-03-24T18:37:13.228Z,
/tag/towing/,200,towing | Nomadic year,http://nomadicyear.com/tag/towing/,,sitemap,2026-03-24T18:37:13.228Z,
/tag/tracks/,200,tracks | Nomadic year,http://nomadicyear.com/tag/tracks/,,sitemap,2026-03-24T18:37:13.228Z,
/tag/train/,200,train | Nomadic year,http://nomadicyear.com/tag/train/,,sitemap,2026-03-24T18:37:13.228Z,
/tag/trouble/,200,trouble | Nomadic year,http://nomadicyear.com/tag/trouble/,,sitemap,2026-03-24T18:37:13.228Z,
/tag/troubles/,200,troubles | Nomadic year,http://nomadicyear.com/tag/troubles/,,sitemap,2026-03-24T18:37:13.228Z,
/tag/uaz/,200,uaz | Nomadic year,http://nomadicyear.com/tag/uaz/,,sitemap,2026-03-24T18:37:13.228Z,
/tag/udaipur/,200,udaipur | Nomadic year,http://nomadicyear.com/tag/udaipur/,,sitemap,2026-03-24T18:37:13.228Z,
/tag/ulaanbaatar/,200,ulaanbaatar | Nomadic year,http://nomadicyear.com/tag/ulaanbaatar/,,sitemap,2026-03-24T18:37:13.228Z,
/tag/ulan-ude/,200,ulan-ude | Nomadic year,http://nomadicyear.com/tag/ulan-ude/,,sitemap,2026-03-24T18:37:13.228Z,
/tag/ulzit/,200,ulzit | Nomadic year,http://nomadicyear.com/tag/ulzit/,,sitemap,2026-03-24T18:37:13.228Z,
/tag/unloading/,200,unloading | Nomadic year,http://nomadicyear.com/tag/unloading/,,sitemap,2026-03-24T18:37:13.228Z,
/tag/ural/,200,ural | Nomadic year,http://nomadicyear.com/tag/ural/,,sitemap,2026-03-24T18:37:13.228Z,
/tag/ushuaia/,200,ushuaia | Nomadic year,http://nomadicyear.com/tag/ushuaia/,,sitemap,2026-03-24T18:37:13.228Z,
/tag/utopia/,200,utopia | Nomadic year,http://nomadicyear.com/tag/utopia/,,sitemap,2026-03-24T18:37:13.228Z,
/tag/vehicle/,200,vehicle | Nomadic year,http://nomadicyear.com/tag/vehicle/,,sitemap,2026-03-24T18:37:13.228Z,
/tag/victory-park/,200,victory park | Nomadic year,http://nomadicyear.com/tag/victory-park/,,sitemap,2026-03-24T18:37:13.228Z,
/tag/video/,200,video | Nomadic year,http://nomadicyear.com/tag/video/,,sitemap,2026-03-24T18:37:13.228Z,
/tag/visit-kyrgyzstan/,200,visit kyrgyzstan | Nomadic year,http://nomadicyear.com/tag/visit-kyrgyzstan/,,sitemap,2026-03-24T18:37:13.228Z,
/tag/vladimir/,200,vladimir | Nomadic year,http://nomadicyear.com/tag/vladimir/,,sitemap,2026-03-24T18:37:13.228Z,
/tag/vladivostok/,200,vladivostok | Nomadic year,http://nomadicyear.com/tag/vladivostok/,,sitemap,2026-03-24T18:37:13.228Z,
/tag/vodka/,200,vodka | Nomadic year,http://nomadicyear.com/tag/vodka/,,sitemap,2026-03-24T18:37:13.228Z,
/tag/volcano/,200,volcano | Nomadic year,http://nomadicyear.com/tag/volcano/,,sitemap,2026-03-24T18:37:13.228Z,
/tag/vomit/,200,vomit | Nomadic year,http://nomadicyear.com/tag/vomit/,,sitemap,2026-03-24T18:37:13.228Z,
/tag/vulture/,200,vulture | Nomadic year,http://nomadicyear.com/tag/vulture/,,sitemap,2026-03-24T18:37:13.228Z,
/tag/wat-phra-kaew/,200,wat phra kaew | Nomadic year,http://nomadicyear.com/tag/wat-phra-kaew/,,sitemap,2026-03-24T18:37:13.228Z,
/tag/wat/,200,wat | Nomadic year,http://nomadicyear.com/tag/wat/,,sitemap,2026-03-24T18:37:13.228Z,
/tag/water/,200,water | Nomadic year,http://nomadicyear.com/tag/water/,,sitemap,2026-03-24T18:37:13.228Z,
/tag/waterfalls/,200,waterfalls | Nomadic year,http://nomadicyear.com/tag/waterfalls/,,sitemap,2026-03-24T18:37:13.228Z,
/tag/wedding/,200,wedding | Nomadic year,http://nomadicyear.com/tag/wedding/,,sitemap,2026-03-24T18:37:13.228Z,
/tag/welcoming/,200,welcoming | Nomadic year,http://nomadicyear.com/tag/welcoming/,,sitemap,2026-03-24T18:37:13.228Z,
/tag/wheel/,200,wheel | Nomadic year,http://nomadicyear.com/tag/wheel/,,sitemap,2026-03-24T18:37:13.228Z,
/tag/wildlife/,200,wildlife | Nomadic year,http://nomadicyear.com/tag/wildlife/,,sitemap,2026-03-24T18:37:13.228Z,
/tag/willow-tree/,200,willow tree | Nomadic year,http://nomadicyear.com/tag/willow-tree/,,sitemap,2026-03-24T18:37:13.228Z,
/tag/wind/,200,wind | Nomadic year,http://nomadicyear.com/tag/wind/,,sitemap,2026-03-24T18:37:13.228Z,
/tag/wine/,200,wine | Nomadic year,http://nomadicyear.com/tag/wine/,,sitemap,2026-03-24T18:37:13.228Z,
/tag/yak/,200,yak | Nomadic year,http://nomadicyear.com/tag/yak/,,sitemap,2026-03-24T18:37:13.228Z,
/tag/years-old/,200,years old | Nomadic year,http://nomadicyear.com/tag/years-old/,,sitemap,2026-03-24T18:37:13.228Z,
/tag/yongpil/,200,yongpil | Nomadic year,http://nomadicyear.com/tag/yongpil/,,sitemap,2026-03-24T18:37:13.228Z,
/tag/zoo/,200,zoo | Nomadic year,http://nomadicyear.com/tag/zoo/,,sitemap,2026-03-24T18:37:13.228Z,
/travel-tips/,200,Travel Tips | Nomadic year,http://nomadicyear.com/travel-tips/,"Money - Charles Schwab If you are an American citizen or permanent resident you can get a Charles Schwab checking account. Its free, with no minimum balance, no ATM withdrawal fees anywhere in the world. To limit the possibility of card information theft we try to withdraw as much money as we can in a",sitemap,2026-03-24T18:37:13.228Z,
/video/,200,Video | Nomadic year,http://nomadicyear.com/video/,"NomadicYear Sailing in Thailand NomadicYear in Mongolia NomadicYear in Kerala NomadicYear in BeNeLux NomadicYear in Udaipur, India NomadicYear in Thailand NomadicYear in Korea",sitemap,2026-03-24T18:37:13.228Z,
